pitcher_name,team_abb,season,era,fip,xfip,k_per_9,bb_per_9,k_pct,bb_pct,whip,ip,hr_per_9,gb_pct,lob_pct,war,fangraphs_id
Chris Sale,ATL,2024,2.38,2.09,2.64,11.4,1.98,0.321,0.055999999999999994,1.01,177.2,0.46,0.44799999999999995,0.7979999999999999,6.4,10603
Tarik Skubal,DET,2024,2.39,2.49,2.83,10.69,1.64,0.303,0.046,0.92,192.0,0.7,0.457,0.8,6.0,22267
Zack Wheeler,PHI,2024,2.57,3.13,3.3,10.08,2.34,0.285,0.066,0.96,200.0,0.9,0.426,0.8009999999999999,5.4,10310
Cole Ragans,KCR,2024,3.14,2.99,3.46,10.77,3.24,0.293,0.08800000000000001,1.14,186.1,0.72,0.40700000000000003,0.747,4.9,21846
Seth Lugo,KCR,2024,3.0,3.25,3.83,7.88,2.09,0.217,0.057,1.09,206.2,0.7,0.442,0.7509999999999999,4.7,12447
Dylan Cease,SDP,2024,3.47,3.1,3.44,10.65,3.09,0.294,0.085,1.07,189.1,0.86,0.39799999999999996,0.6940000000000001,4.7,18525
Cristopher Sanchez,PHI,2024,3.32,3.0,3.19,7.58,2.18,0.203,0.057999999999999996,1.24,181.2,0.54,0.574,0.7120000000000001,4.7,20778
Garrett Crochet,CHW,2024,3.58,2.69,2.38,12.88,2.03,0.35100000000000003,0.055,1.07,146.0,1.11,0.451,0.736,4.6,27463
Logan Webb,SFG,2024,3.47,2.95,3.28,7.56,2.2,0.205,0.059000000000000004,1.23,204.2,0.48,0.568,0.7170000000000001,4.4,17995
Paul Skenes,PIT,2024,1.96,2.44,2.54,11.5,2.17,0.331,0.062,0.95,133.0,0.68,0.513,0.856,4.3,33677
George Kirby,SEA,2024,3.53,3.26,3.58,8.43,1.08,0.23,0.03,1.07,191.0,1.04,0.413,0.716,4.1,25436
Logan Gilbert,SEA,2024,3.23,3.27,3.11,9.49,1.6,0.27399999999999997,0.046,0.89,208.2,1.12,0.451,0.695,4.0,22250
Michael King,SDP,2024,2.95,3.33,3.5,10.42,3.26,0.27699999999999997,0.087,1.19,173.2,0.88,0.40399999999999997,0.752,3.9,19853
Tanner Houck,BOS,2024,3.12,3.32,3.58,7.76,2.42,0.207,0.065,1.14,178.2,0.55,0.5589999999999999,0.7090000000000001,3.9,19879
Tyler Glasnow,LAD,2024,3.49,2.9,2.68,11.28,2.35,0.322,0.067,0.95,134.0,1.01,0.486,0.698,3.9,14374
Corbin Burnes,BAL,2024,2.92,3.55,3.55,8.38,2.22,0.231,0.061,1.1,194.1,1.02,0.48200000000000004,0.755,3.8,19361
Sonny Gray,STL,2024,3.84,3.12,2.82,10.98,2.11,0.303,0.057999999999999996,1.09,166.1,1.14,0.423,0.679,3.8,12768
Framber Valdez,HOU,2024,2.91,3.25,3.08,8.63,2.81,0.24,0.078,1.11,176.1,0.66,0.606,0.7709999999999999,3.7,17295
Hunter Greene,CIN,2024,2.75,3.47,4.19,10.12,3.41,0.27699999999999997,0.09300000000000001,1.02,150.1,0.72,0.34,0.805,3.7,22182
Yusei Kikuchi,- - -,2024,4.05,3.46,3.2,10.55,2.25,0.28,0.06,1.2,175.2,1.28,0.426,0.7190000000000001,3.6,20633
Reynaldo Lopez,ATL,2024,1.99,2.92,3.44,9.82,2.79,0.273,0.077,1.11,135.2,0.66,0.39399999999999996,0.87,3.5,16400
Ranger Suarez,PHI,2024,3.46,3.37,3.26,8.66,2.45,0.23199999999999998,0.065,1.2,150.2,0.84,0.519,0.7390000000000001,3.4,17277
Max Fried,ATL,2024,3.25,3.33,3.33,8.57,2.94,0.23199999999999998,0.08,1.16,174.1,0.67,0.588,0.725,3.4,13743
Nick Martinez,CIN,2024,3.1,3.21,3.89,7.33,1.14,0.204,0.032,1.03,142.1,0.82,0.369,0.715,3.4,12730
Erick Fedde,- - -,2024,3.3,3.86,4.12,7.82,2.64,0.212,0.07200000000000001,1.16,177.1,1.02,0.42100000000000004,0.792,3.4,17425
Jack Flaherty,- - -,2024,3.17,3.48,3.0,10.78,2.11,0.299,0.059000000000000004,1.07,162.0,1.33,0.395,0.809,3.3,17479
Michael Wacha,KCR,2024,3.35,3.65,4.14,7.83,2.43,0.212,0.066,1.19,166.2,0.92,0.386,0.7709999999999999,3.3,14078
Tanner Bibee,CLE,2024,3.47,3.56,3.72,9.69,2.28,0.263,0.062,1.12,173.2,1.14,0.34600000000000003,0.7709999999999999,3.3,30134
Pablo Lopez,MIN,2024,4.08,3.65,3.36,9.62,1.99,0.256,0.053,1.19,185.1,1.26,0.429,0.722,3.2,17085
Hunter Brown,HOU,2024,3.49,3.58,3.47,9.48,3.18,0.251,0.084,1.27,170.0,0.95,0.489,0.7659999999999999,3.2,25880
MacKenzie Gore,WSN,2024,3.9,3.53,3.87,9.79,3.52,0.248,0.08900000000000001,1.42,166.1,0.81,0.391,0.6809999999999999,3.2,22201
Shota Imanaga,CHC,2024,2.91,3.72,3.62,9.03,1.45,0.251,0.04,1.02,173.1,1.4,0.37200000000000005,0.802,3.1,33829
Aaron Nola,PHI,2024,3.57,3.94,3.44,8.89,2.26,0.24,0.061,1.2,199.1,1.35,0.445,0.79,3.1,16149
Brandon Pfaadt,ARI,2024,4.71,3.61,3.58,9.17,2.08,0.243,0.055,1.24,181.2,1.19,0.415,0.645,3.1,27782
Nestor Cortes,NYY,2024,3.77,3.84,4.16,8.36,2.01,0.228,0.055,1.15,174.1,1.24,0.311,0.764,3.1,17874
Joe Ryan,MIN,2024,3.6,3.44,3.44,9.8,1.53,0.273,0.043,0.99,135.0,1.27,0.35700000000000004,0.7090000000000001,3.1,21390
Blake Snell,SFG,2024,3.12,2.43,3.01,12.55,3.81,0.34700000000000003,0.105,1.05,104.0,0.52,0.42,0.7090000000000001,3.1,13543
Kevin Gausman,TOR,2024,3.83,3.77,4.22,8.06,2.78,0.214,0.07400000000000001,1.22,181.0,0.99,0.38299999999999995,0.703,3.0,14107
Bailey Ober,MIN,2024,3.98,3.82,3.83,9.62,2.17,0.26899999999999996,0.061,1.0,178.2,1.36,0.335,0.7070000000000001,3.0,21224
Justin Steele,CHC,2024,3.07,3.23,3.62,9.02,2.47,0.243,0.067,1.1,134.2,0.8,0.44799999999999995,0.725,3.0,17312
Yoshinobu Yamamoto,LAD,2024,3.0,2.61,2.86,10.5,2.2,0.285,0.06,1.11,90.0,0.7,0.479,0.757,2.9,33825
Zac Gallen,ARI,2024,3.65,3.38,3.62,9.49,3.28,0.251,0.087,1.26,148.0,0.79,0.462,0.747,2.8,19291
Sean Manaea,NYM,2024,3.47,3.83,4.04,9.12,3.12,0.249,0.085,1.08,181.2,1.04,0.376,0.742,2.8,15873
Zach Eflin,- - -,2024,3.59,3.77,3.81,7.29,1.31,0.196,0.035,1.15,165.1,1.2,0.42700000000000005,0.752,2.8,13774
Bryce Miller,SEA,2024,2.94,3.58,3.85,8.53,2.25,0.243,0.064,0.98,180.1,1.05,0.381,0.782,2.7,29837
Spencer Schwellenbach,ATL,2024,3.35,3.29,3.34,9.24,1.67,0.254,0.046,1.04,123.2,1.02,0.41600000000000004,0.745,2.7,31846
Cade Smith,CLE,2024,1.91,1.4,2.41,12.31,2.03,0.35600000000000004,0.059000000000000004,0.9,75.1,0.12,0.436,0.79,2.7,27867
Nathan Eovaldi,TEX,2024,3.8,3.83,3.47,8.75,2.21,0.239,0.06,1.11,170.2,1.21,0.483,0.745,2.6,9132
Griffin Jax,MIN,2024,2.03,1.94,2.32,12.04,1.9,0.344,0.054000000000000006,0.87,71.0,0.51,0.522,0.7709999999999999,2.6,20253
Brady Singer,KCR,2024,3.71,3.93,3.62,8.52,2.71,0.223,0.071,1.27,179.2,1.1,0.47100000000000003,0.778,2.5,25377
Reese Olson,DET,2024,3.53,3.17,3.72,8.09,2.64,0.217,0.071,1.18,112.1,0.56,0.506,0.6759999999999999,2.5,24968
Ryan Feltner,COL,2024,4.49,4.16,4.17,7.65,2.88,0.19899999999999998,0.075,1.34,162.1,1.11,0.449,0.6629999999999999,2.5,21446
Mitchell Parker,WSN,2024,4.29,3.85,4.17,7.93,2.56,0.20600000000000002,0.067,1.3,151.0,1.07,0.38,0.6729999999999999,2.4,27636
Jameson Taillon,CHC,2024,3.27,3.92,4.16,6.8,1.8,0.185,0.049,1.13,165.1,1.14,0.401,0.763,2.3,11674
Luis Castillo,SEA,2024,3.64,3.91,3.82,8.98,2.41,0.243,0.065,1.17,175.1,1.28,0.39299999999999996,0.7829999999999999,2.3,15689
Freddy Peralta,MIL,2024,3.68,4.16,3.93,10.36,3.52,0.276,0.094,1.21,173.2,1.35,0.36700000000000005,0.7959999999999999,2.3,18679
Chris Bassitt,TOR,2024,4.16,4.08,4.28,8.84,3.68,0.222,0.092,1.46,171.0,0.95,0.40299999999999997,0.727,2.3,12304
Zack Littell,TBR,2024,3.63,3.88,4.01,8.12,1.78,0.215,0.047,1.25,156.1,1.27,0.34,0.78,2.3,15823
Ryan Helsley,STL,2024,2.04,2.41,3.35,10.72,3.12,0.297,0.086,1.1,66.1,0.41,0.368,0.785,2.3,18138
Mason Miller,OAK,2024,2.49,2.18,2.21,14.4,2.91,0.418,0.084,0.88,65.0,0.83,0.40700000000000003,0.706,2.3,31757
Ronel Blanco,HOU,2024,2.8,4.15,4.09,8.93,3.66,0.24600000000000002,0.10099999999999999,1.09,167.1,1.18,0.39799999999999996,0.836,2.2,19407
Mitch Keller,PIT,2024,4.25,4.08,4.08,8.39,2.53,0.215,0.065,1.3,178.0,1.16,0.39399999999999996,0.731,2.2,17594
Ryne Nelson,ARI,2024,4.24,3.74,3.98,7.53,2.03,0.2,0.054000000000000006,1.25,150.2,1.02,0.41600000000000004,0.711,2.2,26253
Bryan Woo,SEA,2024,2.89,3.4,3.75,7.49,0.96,0.214,0.027999999999999997,0.9,121.1,1.04,0.406,0.768,2.2,30279
Andrew Heaney,TEX,2024,4.28,4.04,4.18,8.94,2.31,0.22899999999999998,0.059000000000000004,1.25,160.0,1.29,0.335,0.7120000000000001,2.2,15423
Emmanuel Clase,CLE,2024,0.61,2.22,2.81,7.99,1.21,0.244,0.037000000000000005,0.66,74.1,0.24,0.574,0.851,2.2,21032
Luis Gil,NYY,2024,3.5,4.14,4.36,10.15,4.57,0.268,0.121,1.19,151.2,1.07,0.35600000000000004,0.7879999999999999,2.1,21052
Gavin Stone,LAD,2024,3.53,4.01,4.02,7.44,2.37,0.2,0.064,1.21,140.1,1.15,0.442,0.797,2.1,27792
Luis Severino,NYM,2024,3.91,4.21,4.12,7.96,2.97,0.212,0.079,1.24,182.0,1.14,0.46,0.737,2.1,15890
Tobias Myers,MIL,2024,3.0,3.91,3.97,8.28,2.35,0.223,0.063,1.17,138.0,1.17,0.376,0.8109999999999999,2.1,22191
Matt Strahm,PHI,2024,1.87,2.29,3.15,11.35,1.58,0.33299999999999996,0.046,0.75,62.2,0.57,0.314,0.823,2.1,13799
Brayan Bello,BOS,2024,4.49,4.19,3.87,8.48,3.55,0.218,0.091,1.36,162.1,1.05,0.508,0.721,2.0,23920
Grayson Rodriguez,BAL,2024,3.86,3.66,3.57,10.03,2.78,0.265,0.073,1.24,116.2,1.16,0.406,0.76,2.0,24492
Nick Lodolo,CIN,2024,4.76,3.95,3.95,9.52,2.89,0.247,0.075,1.2,115.1,1.01,0.447,0.682,2.0,26378
Trevor Williams,WSN,2024,2.03,2.79,3.82,7.97,2.43,0.22699999999999998,0.069,1.04,66.2,0.41,0.45399999999999996,0.802,2.0,16977
Nick Pivetta,BOS,2024,4.14,4.07,3.5,10.63,2.22,0.289,0.061,1.13,145.2,1.73,0.335,0.755,2.0,15454
Jeff Hoffman,PHI,2024,2.17,2.52,2.8,12.08,2.17,0.336,0.06,0.96,66.1,0.81,0.376,0.802,2.0,17432
David Peterson,NYM,2024,2.9,3.67,4.1,7.51,3.42,0.198,0.09,1.29,121.0,0.6,0.501,0.784,1.9,20302
Miles Mikolas,STL,2024,5.35,4.24,4.08,6.4,1.31,0.16899999999999998,0.035,1.28,171.2,1.36,0.419,0.629,1.9,9803
Ryan Pepiot,TBR,2024,3.6,3.95,4.05,9.83,3.32,0.263,0.08900000000000001,1.15,130.0,1.18,0.353,0.743,1.9,26221
Kirby Yates,TEX,2024,1.17,2.5,3.12,12.41,4.09,0.359,0.11800000000000001,0.83,61.2,0.44,0.455,0.8809999999999999,1.9,9073
Jake Irvin,WSN,2024,4.41,4.41,4.03,7.48,2.49,0.203,0.068,1.2,187.2,1.39,0.439,0.701,1.8,21504
Kutter Crawford,BOS,2024,4.36,4.65,4.35,8.58,2.5,0.231,0.067,1.12,183.2,1.67,0.33,0.705,1.8,20531
Gerrit Cole,NYY,2024,3.41,3.69,3.99,9.38,2.75,0.254,0.07400000000000001,1.13,95.0,1.04,0.387,0.768,1.8,13125
Andre Pallante,STL,2024,3.78,3.71,3.89,6.97,3.56,0.185,0.094,1.3,121.1,0.59,0.618,0.706,1.8,26108
Matt Waldron,SDP,2024,4.91,4.26,4.32,8.16,2.45,0.213,0.064,1.26,146.2,1.29,0.389,0.672,1.8,25550
Jared Jones,PIT,2024,4.14,4.0,3.78,9.76,2.88,0.262,0.077,1.19,121.2,1.33,0.387,0.721,1.8,27863
Simeon Woods Richardson,MIN,2024,4.17,4.12,4.55,7.88,3.23,0.20600000000000002,0.084,1.29,133.2,1.08,0.353,0.736,1.8,24494
Jon Gray,TEX,2024,4.47,3.7,4.24,7.54,2.45,0.196,0.064,1.31,102.2,0.96,0.401,0.677,1.8,14916
David Robertson,TEX,2024,3.0,2.65,2.88,12.38,3.38,0.33399999999999996,0.091,1.11,72.0,0.63,0.488,0.769,1.8,8241
Joe Jimenez,ATL,2024,2.62,2.34,3.52,10.75,3.01,0.29600000000000004,0.083,0.99,68.2,0.26,0.419,0.723,1.8,15761
Ryan Walker,SFG,2024,1.91,2.52,2.8,11.14,2.03,0.321,0.057999999999999996,0.85,80.0,0.56,0.469,0.8290000000000001,1.7,20423
Bailey Falter,PIT,2024,4.43,4.3,4.71,6.13,2.85,0.165,0.076,1.29,142.1,1.07,0.36200000000000004,0.6970000000000001,1.7,20070
Spencer Arrighetti,HOU,2024,4.53,4.18,4.01,10.61,4.03,0.271,0.10300000000000001,1.41,145.0,1.3,0.36,0.721,1.7,29921
Jose Soriano,LAA,2024,3.42,3.8,3.82,7.73,3.58,0.207,0.096,1.2,113.0,0.64,0.597,0.71,1.7,22100
Patrick Corbin,WSN,2024,5.62,4.41,4.14,7.16,2.78,0.182,0.071,1.5,174.2,1.29,0.46299999999999997,0.657,1.7,9323
Clarke Schmidt,NYY,2024,2.85,3.58,3.92,9.81,3.16,0.263,0.085,1.18,85.1,0.84,0.405,0.8,1.7,19899
A.J. Puk,- - -,2024,3.15,2.87,3.47,11.1,3.53,0.299,0.095,1.11,71.1,0.63,0.368,0.6759999999999999,1.7,19343
DJ Herz,WSN,2024,4.16,3.71,3.85,10.76,3.65,0.27699999999999997,0.094,1.26,88.2,1.12,0.364,0.703,1.7,26389
Edwin Uceta,TBR,2024,1.51,1.7,2.49,12.31,1.73,0.358,0.05,0.82,41.2,0.43,0.341,0.8390000000000001,1.7,20539
Lucas Erceg,- - -,2024,3.36,2.53,3.1,10.51,2.34,0.285,0.063,1.05,61.2,0.44,0.465,0.674,1.7,19360
Carlos Rodon,NYY,2024,3.96,4.39,4.09,10.03,2.93,0.265,0.077,1.22,175.0,1.59,0.33799999999999997,0.792,1.6,16137
Tanner Scott,- - -,2024,1.75,2.92,3.38,10.5,4.5,0.28600000000000003,0.122,1.13,72.0,0.38,0.5,0.797,1.6,17586
Hunter Gaddis,CLE,2024,1.57,2.82,3.94,7.96,1.69,0.237,0.05,0.76,74.2,0.48,0.381,0.812,1.6,25636
Raisel Iglesias,ATL,2024,1.95,2.65,3.38,8.83,1.69,0.263,0.05,0.74,69.1,0.52,0.444,0.723,1.6,17130
Jeremiah Estrada,SDP,2024,2.95,2.07,2.65,13.87,3.39,0.373,0.091,1.07,61.0,0.59,0.35100000000000003,0.7240000000000001,1.6,22210
Tyler Anderson,LAA,2024,3.81,4.66,4.85,7.13,3.66,0.18600000000000003,0.095,1.29,179.1,1.2,0.374,0.758,1.5,12880
Cole Sands,MIN,2024,3.28,2.63,3.26,10.72,1.51,0.29100000000000004,0.040999999999999995,1.0,71.1,0.76,0.36700000000000005,0.685,1.5,21461
Albert Suarez,BAL,2024,3.7,4.24,4.53,7.27,2.9,0.191,0.076,1.29,133.2,1.14,0.33899999999999997,0.7879999999999999,1.5,6175
Taj Bradley,TBR,2024,4.11,4.09,3.62,10.04,3.07,0.266,0.081,1.22,138.0,1.43,0.42,0.737,1.5,22543
Tyler Holton,DET,2024,2.19,3.17,3.68,7.35,1.62,0.218,0.048,0.78,94.1,0.67,0.47200000000000003,0.777,1.5,26231
Justin Slaten,BOS,2024,2.93,2.61,2.9,9.43,1.46,0.259,0.04,1.01,55.1,0.65,0.5,0.706,1.5,25648
Cody Bradford,TEX,2024,3.54,3.59,3.82,8.25,1.53,0.22699999999999998,0.042,1.01,76.1,1.18,0.36,0.7190000000000001,1.5,27597
Orion Kerkering,PHI,2024,2.29,2.42,2.94,10.57,2.43,0.28800000000000003,0.066,1.08,63.0,0.29,0.535,0.765,1.5,31776
Robert Garcia,WSN,2024,4.22,2.38,2.77,11.31,2.41,0.299,0.064,1.19,59.2,0.6,0.46799999999999997,0.5720000000000001,1.5,23363
Alec Marsh,KCR,2024,4.53,4.34,4.22,8.58,2.72,0.22399999999999998,0.071,1.26,129.0,1.33,0.377,0.7040000000000001,1.4,27451
Dean Kremer,BAL,2024,4.1,4.32,4.34,8.54,3.54,0.222,0.092,1.24,129.2,1.25,0.41700000000000004,0.6629999999999999,1.4,19350
Kyle Gibson,STL,2024,4.24,4.42,4.19,8.01,3.61,0.209,0.094,1.35,169.2,1.22,0.44799999999999995,0.7070000000000001,1.4,10123
Joe Musgrove,SDP,2024,3.88,3.96,3.74,9.12,2.08,0.24600000000000002,0.055999999999999994,1.17,99.2,1.26,0.413,0.773,1.4,12970
Justin Martinez,ARI,2024,2.48,2.59,2.88,11.27,4.46,0.295,0.11699999999999999,1.31,72.2,0.25,0.589,0.754,1.4,24453
Osvaldo Bido,OAK,2024,3.41,3.36,4.63,8.95,3.69,0.243,0.1,1.09,63.1,0.43,0.29600000000000004,0.71,1.4,23150
Kenley Jansen,BOS,2024,3.29,3.0,4.04,10.21,3.29,0.284,0.092,1.06,54.2,0.66,0.306,0.73,1.4,3096
Tylor Megill,NYM,2024,4.04,3.55,3.79,10.5,3.69,0.27,0.095,1.31,78.0,0.92,0.402,0.7070000000000001,1.4,21318
Keegan Akin,BAL,2024,3.32,2.99,3.27,11.1,2.17,0.31,0.061,0.94,78.2,1.03,0.37,0.71,1.4,19362
Kyle Bradish,BAL,2024,2.75,2.51,2.92,12.13,3.43,0.325,0.092,1.07,39.1,0.46,0.5489999999999999,0.782,1.4,24586
Kevin Ginkel,ARI,2024,3.21,2.85,3.23,9.9,1.93,0.265,0.052000000000000005,1.2,70.0,0.77,0.43799999999999994,0.7120000000000001,1.3,19876
Mitch Spence,OAK,2024,4.58,4.21,4.12,7.49,2.62,0.19399999999999998,0.068,1.38,151.1,1.19,0.484,0.727,1.3,27707
Jason Adam,- - -,2024,1.95,3.03,3.54,9.9,2.81,0.287,0.08199999999999999,0.86,73.2,0.61,0.429,0.79,1.3,11861
Lance Lynn,STL,2024,3.84,4.31,4.39,8.36,3.38,0.213,0.086,1.34,117.1,1.23,0.363,0.7,1.3,2520
Frankie Montas,- - -,2024,4.84,4.71,4.26,8.84,3.94,0.226,0.10099999999999999,1.37,150.2,1.43,0.41600000000000004,0.6890000000000001,1.3,14309
Austin Gomber,COL,2024,4.75,4.83,4.5,6.33,2.07,0.16699999999999998,0.055,1.31,165.0,1.64,0.38,0.731,1.3,16561
Declan Cronin,MIA,2024,4.35,2.58,3.43,9.21,3.2,0.235,0.08199999999999999,1.42,70.1,0.13,0.5760000000000001,0.618,1.3,25645
Gavin Williams,CLE,2024,4.86,3.67,4.12,9.36,3.79,0.23800000000000002,0.096,1.37,76.0,0.83,0.406,0.669,1.3,30122
Chris Flexen,CHW,2024,4.95,4.8,5.03,6.92,3.54,0.174,0.08900000000000001,1.52,160.0,1.35,0.35600000000000004,0.71,1.3,13896
Calvin Faucher,MIA,2024,3.19,2.5,3.76,10.57,4.36,0.268,0.111,1.4,53.2,0.0,0.46399999999999997,0.684,1.3,20116
Casey Mize,DET,2024,4.49,3.95,4.04,6.86,2.55,0.17300000000000001,0.064,1.47,102.1,0.97,0.49,0.695,1.3,20492
Ben Brown,CHC,2024,3.58,3.11,3.63,10.41,3.09,0.28800000000000003,0.086,1.08,55.1,0.81,0.387,0.722,1.3,23590
JP Sears,OAK,2024,4.38,4.71,4.86,6.82,2.44,0.18100000000000002,0.065,1.22,180.2,1.39,0.373,0.725,1.2,23429
Jhoan Duran,MIN,2024,3.64,2.85,2.7,10.93,2.48,0.289,0.066,1.16,54.1,0.66,0.609,0.615,1.2,21029
Joe Mantiply,ARI,2024,3.92,2.51,3.71,7.99,2.72,0.218,0.07400000000000001,1.17,59.2,0.15,0.53,0.627,1.2,14857
Will Vest,DET,2024,2.82,2.83,3.47,8.06,2.3,0.218,0.062,1.12,70.1,0.38,0.485,0.758,1.2,19769
Clay Holmes,NYY,2024,3.14,3.02,3.01,9.71,3.14,0.251,0.081,1.3,63.0,0.57,0.65,0.705,1.2,13649
Dennis Santana,- - -,2024,3.89,3.01,3.95,8.67,2.64,0.24,0.073,1.09,71.2,0.5,0.361,0.6409999999999999,1.2,17878
Fernando Cruz,CIN,2024,4.86,3.27,2.67,14.72,4.73,0.37799999999999995,0.122,1.34,66.2,1.22,0.35700000000000004,0.698,1.2,7048
Grant Holmes,ATL,2024,3.56,3.2,3.52,9.22,1.98,0.248,0.053,1.19,68.1,0.92,0.43799999999999994,0.765,1.2,16944
Patrick Sandoval,LAA,2024,5.08,3.87,4.04,9.15,3.95,0.22899999999999998,0.099,1.51,79.2,0.9,0.45,0.662,1.2,19447
Jose Berrios,TOR,2024,3.6,4.72,4.25,7.16,2.53,0.195,0.069,1.15,192.1,1.45,0.43200000000000005,0.8140000000000001,1.1,14168
Jose Quintana,NYM,2024,3.75,4.56,4.44,7.13,3.33,0.188,0.08800000000000001,1.25,170.1,1.16,0.474,0.782,1.1,11423
Charlie Morton,ATL,2024,4.19,4.46,3.99,9.09,3.54,0.23800000000000002,0.09300000000000001,1.32,165.1,1.25,0.46299999999999997,0.742,1.1,4676
Derek Law,WSN,2024,2.6,3.32,3.54,7.6,2.4,0.20800000000000002,0.066,1.18,90.0,0.7,0.485,0.782,1.1,13133
Yu Darvish,SDP,2024,3.31,4.08,3.99,8.6,2.42,0.23600000000000002,0.066,1.07,81.2,1.32,0.387,0.792,1.1,13074
Edwin Diaz,NYM,2024,3.52,3.02,2.59,14.09,3.35,0.389,0.09300000000000001,1.04,53.2,1.17,0.44,0.732,1.1,14710
Cooper Criswell,BOS,2024,4.08,4.15,4.43,6.61,2.81,0.172,0.073,1.35,99.1,0.91,0.503,0.701,1.1,24975
Alex Vesia,LAD,2024,1.76,3.45,4.09,11.8,4.48,0.331,0.125,0.99,66.1,0.95,0.221,0.8390000000000001,1.1,25007
Ryan Weathers,MIA,2024,3.63,4.11,4.03,8.31,2.49,0.218,0.065,1.18,86.2,1.14,0.466,0.753,1.1,23796
Aroldis Chapman,PIT,2024,3.79,3.04,3.14,14.3,5.69,0.37,0.147,1.35,61.2,0.73,0.44799999999999995,0.6920000000000001,1.1,10233
Jonathan Cannon,CHW,2024,4.49,4.65,4.62,6.59,2.9,0.174,0.077,1.33,124.1,1.3,0.381,0.723,1.1,31730
Chris Paddack,MIN,2024,4.99,4.19,4.09,8.05,2.14,0.20600000000000002,0.055,1.39,88.1,1.43,0.373,0.7090000000000001,1.1,20099
Carlos Estevez,- - -,2024,2.45,3.24,4.09,8.18,1.96,0.23600000000000002,0.057,0.91,55.0,0.82,0.32899999999999996,0.75,1.1,14542
Shane Baz,TBR,2024,3.06,4.07,4.39,7.83,3.06,0.21600000000000003,0.085,1.06,79.1,1.02,0.39299999999999996,0.7959999999999999,1.1,22264
Aaron Bummer,ATL,2024,3.58,2.23,2.52,11.22,2.93,0.28300000000000003,0.07400000000000001,1.43,55.1,0.33,0.597,0.7290000000000001,1.1,16258
John Schreiber,KCR,2024,3.66,3.03,4.21,8.01,3.48,0.205,0.08900000000000001,1.32,51.2,0.17,0.513,0.6940000000000001,1.1,20020
Mark Leiter Jr.,- - -,2024,4.5,3.29,2.75,13.34,3.41,0.336,0.086,1.33,58.0,1.24,0.45799999999999996,0.669,1.1,15551
Adrian Morejon,SDP,2024,2.83,2.79,3.33,10.04,2.97,0.261,0.077,1.32,63.2,0.57,0.514,0.768,1.1,20039
Tanner Banks,- - -,2024,3.98,3.25,3.59,9.71,3.11,0.251,0.08,1.3,72.1,0.75,0.498,0.632,1.1,16990
David Festa,MIN,2024,4.9,3.76,3.58,10.77,3.22,0.278,0.083,1.32,64.1,1.26,0.36200000000000004,0.685,1.1,30056
Ross Stripling,OAK,2024,6.01,3.89,4.74,5.17,2.32,0.129,0.057999999999999996,1.54,85.1,0.74,0.392,0.5479999999999999,1.1,13273
Yariel Rodriguez,TOR,2024,4.47,4.34,4.42,8.83,4.15,0.231,0.109,1.32,86.2,1.14,0.374,0.6990000000000001,1.1,33838
Andrew Abbott,CIN,2024,3.72,5.04,4.91,7.43,3.39,0.195,0.08900000000000001,1.3,138.0,1.63,0.337,0.8290000000000001,1.0,29911
Bowden Francis,TOR,2024,3.3,4.36,4.17,7.99,1.91,0.225,0.054000000000000006,0.93,103.2,1.48,0.34299999999999997,0.7829999999999999,1.0,20548
Blake Treinen,LAD,2024,1.93,3.0,3.06,10.8,2.12,0.304,0.06,0.94,46.2,0.96,0.447,0.897,1.0,12572
Jose Butto,NYM,2024,2.55,3.83,4.2,9.61,4.62,0.26899999999999996,0.129,1.07,74.0,0.73,0.415,0.833,1.0,23313
Luke Weaver,NYY,2024,2.89,3.33,3.42,11.04,2.79,0.311,0.079,0.93,84.0,1.07,0.364,0.794,1.0,16918
Javier Assad,CHC,2024,3.73,4.64,4.61,7.59,3.86,0.19399999999999998,0.099,1.4,147.0,1.22,0.436,0.8029999999999999,1.0,21741
Tim Herrin,CLE,2024,1.92,2.86,3.64,9.32,3.43,0.265,0.09699999999999999,0.97,65.2,0.27,0.49700000000000005,0.785,1.0,25139
Trevor Megill,MIL,2024,2.72,3.1,3.87,9.71,2.72,0.273,0.077,1.01,46.1,0.78,0.33299999999999996,0.755,1.0,17722
Drew Rasmussen,TBR,2024,2.83,1.35,2.57,10.99,1.88,0.302,0.052000000000000005,1.08,28.2,0.0,0.5329999999999999,0.677,1.0,25385
Marcus Stroman,NYY,2024,4.31,4.62,4.5,6.58,3.49,0.16699999999999998,0.08900000000000001,1.47,154.2,1.11,0.49200000000000005,0.7390000000000001,0.9,13431
Jared Koenig,MIL,2024,2.47,3.28,3.95,9.15,3.34,0.23800000000000002,0.087,1.24,62.0,0.58,0.465,0.782,0.9,27517
Robert Suarez,SDP,2024,2.77,3.49,3.81,8.17,2.22,0.22899999999999998,0.062,1.05,65.0,0.97,0.418,0.8079999999999999,0.9,30115
Reed Garrett,NYM,2024,3.77,3.31,3.16,13.03,4.71,0.336,0.121,1.4,57.1,0.94,0.44299999999999995,0.7340000000000001,0.9,16866
Josh Hader,HOU,2024,3.8,3.5,2.93,13.31,3.17,0.37799999999999995,0.09,0.96,71.0,1.52,0.303,0.69,0.9,14212
Aaron Civale,- - -,2024,4.36,4.74,4.31,8.33,2.91,0.21600000000000003,0.075,1.3,161.0,1.62,0.35600000000000004,0.764,0.9,19479
Ryan Thompson,ARI,2024,3.26,3.3,3.35,7.06,2.04,0.191,0.055,1.19,66.1,0.68,0.614,0.74,0.9,16647
Luis L. Ortiz,PIT,2024,3.32,4.25,4.59,7.1,2.79,0.192,0.076,1.11,135.2,1.06,0.397,0.7559999999999999,0.9,27646
Evan Phillips,LAD,2024,3.62,3.28,3.48,10.37,2.8,0.276,0.075,1.19,54.2,0.99,0.397,0.625,0.9,17734
Anthony Bender,MIA,2024,4.08,2.92,3.36,10.02,3.06,0.259,0.079,1.28,53.0,0.51,0.5,0.693,0.9,19742
Hoby Milner,MIL,2024,4.73,3.14,3.15,8.91,1.95,0.239,0.052000000000000005,1.19,64.2,0.84,0.519,0.581,0.9,13346
Kyle Freeland,COL,2024,5.24,4.9,4.38,6.75,2.06,0.17300000000000001,0.053,1.41,113.1,1.75,0.402,0.6759999999999999,0.9,16256
Porter Hodge,CHC,2024,1.88,2.75,3.41,10.88,3.98,0.317,0.11599999999999999,0.88,43.0,0.42,0.413,0.8009999999999999,0.9,26413
Bryan Abreu,HOU,2024,3.1,3.49,3.48,11.83,3.68,0.317,0.098,1.16,78.1,1.03,0.40399999999999997,0.8290000000000001,0.9,16609
Chris Martin,BOS,2024,3.45,2.78,2.61,10.15,0.61,0.278,0.017,1.13,44.1,1.02,0.46299999999999997,0.674,0.9,11847
Joe Ross,MIL,2024,3.77,3.83,4.5,8.03,3.53,0.20600000000000002,0.09,1.36,74.0,0.85,0.41,0.727,0.9,12972
Rhett Lowder,CIN,2024,1.17,3.1,4.73,6.46,4.11,0.172,0.109,1.27,30.2,0.0,0.385,0.897,0.9,33876
Dedniel Nunez,NYM,2024,2.31,2.22,2.32,12.34,2.06,0.35600000000000004,0.059000000000000004,0.91,35.0,0.77,0.526,0.755,0.9,23055
Matthew Boyd,CLE,2024,2.72,3.29,3.89,10.44,2.95,0.27699999999999997,0.078,1.13,39.2,0.91,0.314,0.7490000000000001,0.9,15440
Ryan Pressly,HOU,2024,3.49,3.1,3.43,9.21,2.86,0.23800000000000002,0.07400000000000001,1.34,56.2,0.64,0.488,0.732,0.9,7005
Trevor Rogers,- - -,2024,4.92,4.52,4.7,7.02,4.05,0.17300000000000001,0.1,1.58,124.1,1.01,0.46299999999999997,0.698,0.9,22286
Kris Bubic,KCR,2024,2.67,1.95,2.04,11.57,1.48,0.322,0.040999999999999995,1.02,30.1,0.59,0.562,0.674,0.9,21455
Ben Lively,CLE,2024,3.81,4.66,4.57,7.03,2.92,0.187,0.078,1.25,151.0,1.37,0.419,0.784,0.8,14932
Colin Rea,MIL,2024,4.29,4.75,4.42,7.25,2.31,0.18899999999999997,0.06,1.26,167.2,1.56,0.38799999999999996,0.7659999999999999,0.8,12317
James Paxton,- - -,2024,4.4,4.79,5.21,6.55,4.49,0.16699999999999998,0.114,1.45,100.1,1.08,0.375,0.72,0.8,11828
Kyle Harrison,SFG,2024,4.56,4.33,4.23,8.54,3.04,0.222,0.079,1.34,124.1,1.3,0.409,0.733,0.8,27758
Brant Hurter,DET,2024,2.58,3.03,3.32,7.54,1.19,0.217,0.034,0.88,45.1,0.79,0.531,0.785,0.8,30133
Jose Leclerc,TEX,2024,4.32,3.48,3.66,12.02,4.32,0.309,0.111,1.32,66.2,0.95,0.35200000000000004,0.718,0.8,14524
Kevin Kelly,TBR,2024,2.67,3.27,3.13,8.02,1.15,0.22699999999999998,0.032,0.96,70.2,0.89,0.568,0.759,0.8,25679
Dylan Lee,ATL,2024,2.11,3.0,3.15,11.46,2.56,0.317,0.071,1.11,59.2,1.06,0.35200000000000004,0.836,0.8,19996
Jakob Junis,- - -,2024,2.69,3.69,3.87,6.85,1.07,0.20199999999999999,0.032,0.85,67.0,1.07,0.387,0.779,0.8,13619
Beau Brieske,DET,2024,3.59,3.51,4.27,9.18,3.99,0.245,0.106,1.26,67.2,0.67,0.376,0.7,0.8,26079
Tony Santillan,CIN,2024,3.0,2.73,2.51,13.8,2.7,0.377,0.07400000000000001,1.0,30.0,1.2,0.32299999999999995,0.779,0.8,19926
Shane Bieber,CLE,2024,0.0,0.08,0.59,15.0,0.75,0.444,0.022000000000000002,0.92,12.0,0.0,0.5,1.0,0.8,19427
Devin Williams,MIL,2024,1.25,2.06,2.44,15.78,4.57,0.43200000000000005,0.125,0.97,21.2,0.42,0.43200000000000005,0.9259999999999999,0.8,15816
Nick Mears,- - -,2024,5.93,3.39,3.47,11.71,3.75,0.293,0.094,1.47,57.2,1.09,0.408,0.598,0.8,25376
Michael Lorenzen,- - -,2024,3.31,4.89,4.95,6.7,4.14,0.18100000000000002,0.11199999999999999,1.24,130.1,1.17,0.418,0.8240000000000001,0.7,14843
Joey Estes,OAK,2024,5.01,4.94,5.29,6.49,1.9,0.16899999999999998,0.05,1.23,127.2,1.62,0.24600000000000002,0.6970000000000001,0.7,26257
Bryan Hudson,MIL,2024,1.73,3.6,3.6,8.95,2.45,0.268,0.07400000000000001,0.72,62.1,1.01,0.41200000000000003,0.9420000000000001,0.7,19924
Justin Verlander,HOU,2024,5.48,4.78,5.13,7.37,2.69,0.187,0.068,1.38,90.1,1.49,0.282,0.682,0.7,8700
Tyler Ferguson,OAK,2024,3.68,3.28,3.77,10.87,4.21,0.3,0.11599999999999999,1.09,51.1,0.7,0.373,0.6679999999999999,0.7,19481
Randy Vasquez,SDP,2024,4.87,4.7,4.9,5.69,2.66,0.14400000000000002,0.067,1.51,98.0,1.19,0.387,0.722,0.7,24719
Spencer Turnbull,PHI,2024,2.65,3.85,3.8,9.61,3.31,0.261,0.09,1.05,54.1,0.99,0.475,0.84,0.7,16207
Shawn Armstrong,- - -,2024,4.86,3.57,4.19,8.91,3.38,0.22399999999999998,0.085,1.53,66.2,0.81,0.358,0.69,0.7,12857
Jesus Luzardo,MIA,2024,5.0,4.26,4.23,7.83,2.97,0.212,0.08,1.25,66.2,1.22,0.37,0.6629999999999999,0.7,19959
Andrew Nardi,MIA,2024,5.07,3.33,3.35,12.68,3.26,0.33299999999999996,0.086,1.25,49.2,1.27,0.317,0.639,0.7,25942
Robert Gasser,MIL,2024,2.57,3.38,4.18,5.14,0.32,0.14,0.009000000000000001,1.04,28.0,0.64,0.43,0.7879999999999999,0.7,29812
Jacob Webb,BAL,2024,3.02,3.52,4.31,9.21,4.29,0.245,0.114,1.18,56.2,0.64,0.34,0.721,0.7,19274
Hunter Stratton,PIT,2024,3.58,3.25,3.98,7.88,1.67,0.209,0.044000000000000004,1.17,37.2,0.72,0.37799999999999995,0.701,0.7,23455
Hunter Harvey,- - -,2024,4.44,3.52,3.52,9.77,2.84,0.251,0.073,1.32,50.2,0.89,0.447,0.677,0.7,15507
Clayton Kershaw,LAD,2024,4.5,3.53,4.33,7.2,2.7,0.18,0.068,1.5,30.0,0.6,0.385,0.633,0.7,2036
Cionel Perez,BAL,2024,4.53,3.3,4.59,7.71,4.7,0.193,0.11800000000000001,1.4,53.2,0.0,0.5579999999999999,0.638,0.7,19614
Jesus Tinoco,- - -,2024,3.32,3.17,3.73,9.3,2.66,0.259,0.07400000000000001,0.96,40.2,0.66,0.467,0.7140000000000001,0.7,16300
Michel Otanez,OAK,2024,3.44,2.73,3.38,14.56,5.29,0.364,0.132,1.38,34.0,0.53,0.384,0.742,0.7,22533
Ryan Fernandez,STL,2024,3.51,3.35,3.9,9.59,4.32,0.249,0.11199999999999999,1.35,66.2,0.54,0.429,0.718,0.7,24862
Jordan Montgomery,ARI,2024,6.23,4.48,4.67,6.38,3.38,0.156,0.083,1.65,117.0,1.08,0.423,0.639,0.6,16511
Jalen Beeks,- - -,2024,4.5,4.0,4.65,7.07,3.47,0.17600000000000002,0.087,1.49,70.0,0.77,0.451,0.659,0.6,17192
Dylan Floro,- - -,2024,3.8,3.5,4.1,6.29,2.23,0.172,0.061,1.19,68.2,0.66,0.455,0.684,0.6,13394
Carmen Mlodzinski,PIT,2024,3.38,3.36,4.18,8.17,3.38,0.22,0.091,1.18,50.2,0.53,0.461,0.6920000000000001,0.6,27572
Merrill Kelly,ARI,2024,4.03,4.25,3.89,7.7,2.32,0.21,0.063,1.17,73.2,1.34,0.425,0.73,0.6,11156
Yennier Cano,BAL,2024,3.15,3.55,3.08,9.75,3.6,0.261,0.096,1.3,60.0,0.9,0.629,0.779,0.6,25911
Trent Thornton,SEA,2024,3.61,3.47,3.56,9.58,2.36,0.262,0.065,1.13,72.1,1.0,0.381,0.726,0.6,17948
Michael Tonkin,- - -,2024,3.63,3.44,3.89,9.64,3.4,0.25,0.08800000000000001,1.26,79.1,0.68,0.41,0.653,0.6,10315
Edward Cabrera,MIA,2024,4.95,4.68,3.94,10.0,4.67,0.256,0.12,1.37,96.1,1.4,0.47,0.664,0.6,21690
Reid Detmers,LAA,2024,6.7,4.72,3.86,11.23,3.92,0.27899999999999997,0.09699999999999999,1.56,87.1,1.85,0.38299999999999995,0.629,0.6,27468
Michael McGreevy,STL,2024,1.96,2.56,2.72,7.04,0.78,0.209,0.023,0.78,23.0,0.39,0.625,0.795,0.6,29869
Andres Munoz,SEA,2024,2.12,3.35,2.98,11.68,3.94,0.332,0.11199999999999999,0.96,59.1,0.91,0.524,0.853,0.6,20373
Tyler Rogers,SFG,2024,2.82,3.56,3.69,6.53,0.77,0.17600000000000002,0.021,1.04,70.1,0.9,0.545,0.812,0.6,15541
Anthony Banda,LAD,2024,3.08,3.67,3.88,9.06,3.26,0.239,0.086,1.25,49.2,0.91,0.444,0.789,0.6,14706
Pete Fairbanks,TBR,2024,3.57,3.5,3.88,8.74,3.38,0.23800000000000002,0.092,1.17,45.1,0.79,0.434,0.696,0.6,17998
Ben Joyce,LAA,2024,2.08,3.2,3.69,8.57,3.63,0.23199999999999998,0.099,1.15,34.2,0.26,0.589,0.845,0.6,31461
Bryan Hoeing,- - -,2024,2.18,3.32,3.5,7.21,2.35,0.205,0.067,1.06,53.2,0.67,0.483,0.8170000000000001,0.6,26304
Max Scherzer,TEX,2024,3.95,4.18,4.04,8.31,2.08,0.226,0.055999999999999994,1.15,43.1,1.45,0.32,0.752,0.6,3137
Jack Kochanowicz,LAA,2024,3.99,4.62,4.48,3.44,1.38,0.094,0.038,1.19,65.1,0.96,0.57,0.735,0.6,27688
Jose Alvarado,PHI,2024,4.09,3.8,3.81,9.19,4.09,0.244,0.109,1.25,61.2,0.88,0.46,0.69,0.6,17780
Braxton Garrett,MIA,2024,5.35,3.82,3.49,8.27,0.97,0.21100000000000002,0.025,1.19,37.0,1.22,0.513,0.595,0.6,21844
Aaron Ashby,MIL,2024,2.86,2.81,2.86,10.48,3.18,0.27699999999999997,0.084,1.06,28.1,0.64,0.5870000000000001,0.625,0.6,23550
Jose A. Ferrer,WSN,2024,3.38,2.76,3.54,7.03,1.69,0.19399999999999998,0.047,1.03,32.0,0.28,0.573,0.685,0.6,24017
Huascar Brazoban,- - -,2024,3.83,3.32,4.08,8.88,4.35,0.235,0.115,1.22,51.2,0.35,0.457,0.633,0.6,6107
Ian Hamilton,NYY,2024,3.82,3.03,3.71,9.8,3.35,0.252,0.086,1.35,37.2,0.48,0.43799999999999994,0.723,0.6,19261
Davis Martin,CHW,2024,4.32,4.27,4.57,8.46,4.14,0.214,0.105,1.46,50.0,0.9,0.45799999999999996,0.746,0.6,21448
Cal Quantrill,COL,2024,4.98,5.32,4.87,6.67,4.19,0.168,0.105,1.52,148.1,1.4,0.444,0.7509999999999999,0.5,19312
Pierce Johnson,ATL,2024,3.67,3.61,3.65,10.7,3.99,0.284,0.106,1.3,56.1,0.96,0.451,0.7509999999999999,0.5,13435
Tyson Miller,- - -,2024,2.32,3.67,4.17,7.84,1.6,0.23,0.047,0.81,62.0,1.02,0.307,0.8190000000000001,0.5,19976
Martin Perez,- - -,2024,4.53,4.9,4.48,7.13,3.27,0.18100000000000002,0.083,1.48,135.0,1.47,0.444,0.769,0.5,6902
Paul Blackburn,- - -,2024,4.66,4.63,4.14,7.05,2.51,0.187,0.066,1.29,75.1,1.43,0.457,0.7090000000000001,0.5,14739
Graham Ashcraft,CIN,2024,5.24,4.82,4.56,6.63,3.14,0.163,0.077,1.5,77.1,1.28,0.486,0.675,0.5,27552
Hogan Harris,OAK,2024,2.86,4.23,4.69,7.59,4.11,0.2,0.10800000000000001,1.35,72.1,0.87,0.371,0.789,0.5,21520
Greg Weissert,BOS,2024,3.13,3.72,3.91,8.24,2.84,0.221,0.076,1.34,63.1,0.99,0.41200000000000003,0.705,0.5,20375
Tim Hill,- - -,2024,3.36,3.57,4.02,4.16,2.55,0.107,0.065,1.43,67.0,0.27,0.682,0.693,0.5,16814
Jordan Hicks,SFG,2024,4.1,4.37,4.34,7.88,3.86,0.2,0.098,1.45,109.2,0.98,0.509,0.754,0.5,19618
Emilio Pagan,CIN,2024,4.5,3.77,3.63,10.42,2.61,0.278,0.07,1.34,38.0,1.42,0.314,0.728,0.5,14771
Collin Snider,SEA,2024,1.94,3.41,3.52,10.15,2.81,0.278,0.077,1.18,41.2,1.08,0.308,0.833,0.5,23307
Daysbel Hernandez,ATL,2024,2.5,2.11,3.45,13.0,5.0,0.35100000000000003,0.135,1.11,18.0,0.0,0.361,0.7140000000000001,0.5,20271
Buck Farmer,CIN,2024,3.04,4.0,4.44,8.87,3.68,0.23399999999999999,0.09699999999999999,1.2,71.0,0.89,0.358,0.815,0.5,14814
Joel Payamps,MIL,2024,3.05,3.73,3.8,9.0,2.75,0.251,0.077,0.97,59.0,1.07,0.386,0.732,0.5,14332
Landon Knack,LAD,2024,3.65,4.72,4.23,9.0,2.35,0.24100000000000002,0.063,1.1,69.0,1.83,0.311,0.8590000000000001,0.5,27487
Randy Rodriguez,SFG,2024,4.3,3.34,4.11,9.11,3.1,0.24,0.081,1.24,52.1,0.69,0.41,0.625,0.5,23974
Gregory Soto,- - -,2024,4.42,3.68,3.84,11.04,4.58,0.266,0.111,1.57,53.0,0.68,0.507,0.7140000000000001,0.5,19677
Cade Povich,BAL,2024,5.2,4.79,4.99,7.79,3.84,0.196,0.09699999999999999,1.43,79.2,1.36,0.35200000000000004,0.679,0.5,30055
John Means,BAL,2024,2.61,3.31,4.54,6.97,0.87,0.2,0.025,0.87,20.2,0.87,0.183,0.802,0.5,16269
Adam Ottavino,NYM,2024,4.34,3.67,3.89,11.25,3.7,0.28600000000000003,0.094,1.29,56.0,0.96,0.434,0.708,0.5,1247
Brenan Hanifee,DET,2024,1.84,3.1,3.55,7.06,1.84,0.192,0.05,1.13,29.1,0.61,0.5379999999999999,0.861,0.5,22304
Danny Coulombe,BAL,2024,2.12,2.83,2.94,9.71,1.52,0.299,0.047,0.67,29.2,0.91,0.486,0.823,0.5,13293
Landen Roupp,SFG,2024,3.58,3.42,4.17,8.4,4.65,0.217,0.12,1.37,50.1,0.36,0.47200000000000003,0.7290000000000001,0.5,30076
Richard Fitts,BOS,2024,1.74,3.31,5.51,3.92,3.05,0.106,0.08199999999999999,1.26,20.2,0.0,0.373,0.769,0.5,30160
Ryan Burr,TOR,2024,4.13,3.07,3.15,12.95,3.31,0.336,0.086,1.26,32.2,1.1,0.325,0.7140000000000001,0.5,17536
Michael Kopech,- - -,2024,3.46,4.02,3.81,11.7,4.52,0.315,0.122,1.15,67.2,1.2,0.376,0.795,0.4,17282
Cole Irvin,- - -,2024,5.11,4.82,4.78,6.32,2.35,0.159,0.059000000000000004,1.45,111.0,1.46,0.389,0.677,0.4,19244
Matt Festa,- - -,2024,5.7,3.38,4.52,9.13,3.04,0.24,0.08,1.23,23.2,0.76,0.258,0.441,0.4,19330
Victor Vodnik,COL,2024,4.28,4.18,4.14,7.94,4.52,0.203,0.11599999999999999,1.48,73.2,0.86,0.544,0.7290000000000001,0.4,24614
Andrew Chafin,- - -,2024,3.51,3.54,3.94,11.18,4.95,0.285,0.126,1.47,56.1,0.8,0.361,0.753,0.4,12988
Erik Miller,SFG,2024,3.88,3.67,3.53,11.63,5.08,0.306,0.134,1.31,67.1,0.94,0.506,0.7070000000000001,0.4,26252
Burch Smith,- - -,2024,4.95,3.66,4.02,7.35,1.92,0.191,0.05,1.35,56.1,0.96,0.43799999999999994,0.632,0.4,12784
Michael Grove,LAD,2024,5.12,3.87,3.77,9.53,2.82,0.25,0.07400000000000001,1.22,51.0,1.06,0.45299999999999996,0.621,0.4,23221
Kyle Hendricks,CHC,2024,5.92,4.98,4.59,5.99,2.96,0.153,0.076,1.45,130.2,1.45,0.445,0.642,0.4,12049
Sean Guenther,DET,2024,0.86,2.6,3.75,5.14,0.86,0.16399999999999998,0.027000000000000003,0.52,21.0,0.0,0.632,0.846,0.4,20045
Sam Moll,CIN,2024,3.35,3.46,3.91,9.08,3.35,0.25,0.092,1.09,37.2,0.72,0.469,0.696,0.4,14874
Yimi Garcia,- - -,2024,3.46,3.73,3.63,11.31,2.77,0.32,0.078,0.9,39.0,1.38,0.273,0.769,0.4,12095
Matthew Liberatore,STL,2024,4.4,4.11,4.17,7.95,2.93,0.212,0.078,1.27,86.0,1.15,0.42200000000000004,0.701,0.4,22294
Sean Burke,CHW,2024,1.42,3.32,3.47,10.42,3.32,0.289,0.092,1.0,19.0,0.95,0.319,0.9259999999999999,0.4,29878
Jeffrey Springs,TBR,2024,3.27,3.98,3.8,10.09,3.0,0.261,0.077,1.36,33.0,1.36,0.38,0.872,0.4,17677
Josh Sborz,TEX,2024,3.86,2.62,3.3,9.37,2.2,0.24600000000000002,0.057999999999999996,1.22,16.1,0.55,0.45799999999999996,0.645,0.4,18323
Joey Cantillo,CLE,2024,4.89,4.07,3.46,10.24,3.49,0.27,0.092,1.29,38.2,1.4,0.485,0.6729999999999999,0.4,23335
Luis Medina,OAK,2024,5.18,4.44,5.11,7.2,4.5,0.17800000000000002,0.111,1.58,40.0,0.9,0.386,0.685,0.4,21649
Brock Burke,- - -,2024,5.82,3.87,3.77,10.85,4.24,0.266,0.10400000000000001,1.56,34.0,1.06,0.474,0.6679999999999999,0.4,17968
River Ryan,LAD,2024,1.33,3.36,4.29,7.97,3.98,0.222,0.111,1.18,20.1,0.44,0.5,0.885,0.4,29514
Sean Reid-Foley,NYM,2024,1.66,2.8,3.7,10.38,5.82,0.278,0.156,1.25,21.2,0.0,0.608,0.63,0.4,17034
Garrett Whitlock,BOS,2024,1.96,3.33,3.86,8.35,3.44,0.22699999999999998,0.09300000000000001,1.15,18.1,0.49,0.449,0.8740000000000001,0.4,20191
Bryan King,HOU,2024,2.39,2.71,3.54,10.94,3.42,0.294,0.092,1.14,26.1,0.34,0.435,0.823,0.4,25890
Gus Varland,- - -,2024,3.42,3.13,3.92,9.23,2.73,0.235,0.07,1.44,26.1,0.68,0.385,0.746,0.4,24737
Ryan Brasier,LAD,2024,3.54,3.31,3.59,8.04,1.61,0.22699999999999998,0.045,0.96,28.0,0.96,0.423,0.6579999999999999,0.4,5615
J.T. Ginn,OAK,2024,4.24,3.96,3.9,7.68,2.38,0.204,0.063,1.32,34.0,1.06,0.47100000000000003,0.7490000000000001,0.4,27889
Davis Daniel,LAA,2024,6.23,4.16,4.16,8.31,1.78,0.209,0.045,1.48,30.1,1.48,0.364,0.615,0.4,27582
Erik Sabrowski,CLE,2024,0.0,1.11,2.67,13.5,2.84,0.40399999999999997,0.085,0.79,12.2,0.0,0.20800000000000002,1.0,0.4,24978
Jacob deGrom,TEX,2024,1.69,2.32,2.8,11.81,0.84,0.318,0.023,1.13,10.2,0.84,0.37,0.948,0.4,10954
Ryan Zeferjahn,LAA,2024,2.12,2.46,4.15,9.53,3.18,0.281,0.094,0.76,17.0,0.0,0.395,0.733,0.4,25420
Christian Scott,NYM,2024,4.56,4.6,4.71,7.42,2.28,0.198,0.061,1.2,47.1,1.52,0.324,0.732,0.4,30107
Michael Soroka,CHW,2024,4.74,4.95,4.54,9.49,4.97,0.242,0.127,1.38,79.2,1.47,0.40299999999999997,0.675,0.4,18383
Daniel Hudson,LAD,2024,3.0,4.18,4.06,9.0,2.71,0.249,0.075,1.03,63.0,1.43,0.38799999999999996,0.7879999999999999,0.3,7146
Andrew Kittredge,STL,2024,2.8,3.96,3.64,8.53,2.55,0.233,0.07,1.13,70.2,1.27,0.452,0.818,0.3,12828
Luis Garcia,- - -,2024,4.88,4.05,3.62,8.08,2.29,0.209,0.059000000000000004,1.29,59.0,1.22,0.503,0.634,0.3,6984
Jorge Alcala,MIN,2024,3.24,4.14,4.38,8.95,3.09,0.247,0.085,1.03,58.1,1.23,0.342,0.772,0.3,19459
Yuki Matsui,SDP,2024,3.73,3.92,4.02,9.91,3.88,0.268,0.105,1.16,62.2,1.15,0.385,0.7440000000000001,0.3,33826
Eli Morgan,CLE,2024,1.93,3.64,4.46,7.29,2.36,0.204,0.066,0.98,42.0,0.86,0.303,0.852,0.3,20203
John King,STL,2024,2.85,3.73,3.78,5.7,2.1,0.153,0.055999999999999994,1.2,60.0,0.75,0.617,0.758,0.3,22051
Jason Foley,DET,2024,3.15,3.82,4.09,6.9,3.0,0.184,0.08,1.18,60.0,0.75,0.47200000000000003,0.682,0.3,19531
Cristian Javier,HOU,2024,3.89,4.75,5.56,7.01,4.93,0.18,0.127,1.41,34.2,1.04,0.252,0.76,0.3,17606
Sean Hjelle,SFG,2024,3.9,3.63,3.01,8.37,1.56,0.223,0.042,1.21,80.2,1.12,0.59,0.742,0.3,21481
Eduardo Rodriguez,ARI,2024,5.04,4.57,4.24,8.46,3.42,0.21,0.085,1.5,50.0,1.44,0.37,0.725,0.3,13164
Stephen Kolek,SDP,2024,5.21,3.57,3.46,7.52,2.31,0.185,0.057,1.52,46.2,0.77,0.5589999999999999,0.643,0.3,21487
Joe Boyle,OAK,2024,6.42,4.68,5.11,10.57,7.55,0.248,0.177,1.72,47.2,0.76,0.368,0.634,0.3,29608
Alex Cobb,CLE,2024,2.76,3.29,3.7,5.51,1.65,0.161,0.048,1.04,16.1,0.55,0.612,0.6409999999999999,0.3,6562
Cam Booser,BOS,2024,3.38,3.8,4.4,9.07,3.38,0.235,0.087,1.34,42.2,1.05,0.303,0.8,0.3,16061
T.J. McFarland,OAK,2024,3.81,3.82,3.97,6.19,2.7,0.166,0.07200000000000001,1.24,56.2,0.64,0.573,0.6729999999999999,0.3,3237
Eduard Bazardo,SEA,2024,4.88,2.7,2.96,10.73,2.93,0.306,0.083,1.05,27.2,0.65,0.5539999999999999,0.534,0.3,20997
Brady Basso,OAK,2024,4.03,3.88,3.96,7.66,2.01,0.204,0.054000000000000006,1.25,22.1,1.21,0.42,0.7559999999999999,0.3,25582
Kyle Leahy,STL,2024,4.07,3.56,4.41,6.1,1.85,0.17300000000000001,0.052000000000000005,1.03,48.2,0.74,0.41100000000000003,0.617,0.3,24763
Jhony Brito,SDP,2024,4.12,3.72,4.33,5.98,2.06,0.157,0.054000000000000006,1.35,43.2,0.82,0.483,0.674,0.3,25386
Shawn Dubin,HOU,2024,4.17,3.72,4.29,9.73,5.16,0.237,0.126,1.57,45.1,0.6,0.465,0.698,0.3,24977
Paul Sewald,ARI,2024,4.31,3.95,4.31,9.76,2.27,0.261,0.061,1.13,39.2,1.36,0.266,0.732,0.3,13892
Caleb Ferguson,- - -,2024,4.64,3.74,3.55,11.1,4.14,0.26899999999999996,0.1,1.49,54.1,0.99,0.467,0.6659999999999999,0.3,19349
Luis Guerrero,BOS,2024,0.0,1.97,3.63,8.1,1.8,0.25,0.055999999999999994,0.8,10.0,0.0,0.41700000000000004,0.875,0.3,31184
Luis Peralta,COL,2024,0.73,2.6,4.07,10.22,3.65,0.28600000000000003,0.102,0.97,12.1,0.0,0.33299999999999996,0.929,0.3,24203
Hunter Bigge,- - -,2024,2.6,2.76,2.83,12.46,2.6,0.32899999999999996,0.068,1.27,17.1,1.04,0.295,0.885,0.3,26259
Sam Hentges,CLE,2024,3.04,3.17,2.8,10.27,1.9,0.297,0.055,0.97,23.2,1.14,0.474,0.7979999999999999,0.3,18548
Chad Kuhl,CHW,2024,5.06,4.1,4.3,9.11,4.22,0.225,0.10400000000000001,1.52,53.1,0.84,0.444,0.675,0.3,14975
Colten Brewer,CHC,2024,5.66,3.12,4.24,9.58,3.92,0.23199999999999998,0.095,1.6,20.2,0.44,0.44299999999999995,0.552,0.3,12997
Tayler Scott,HOU,2024,2.23,4.13,4.17,9.31,4.59,0.252,0.124,1.17,68.2,0.92,0.424,0.8490000000000001,0.2,13652
Garrett Cleavinger,TBR,2024,3.75,4.0,4.29,10.65,4.65,0.267,0.11699999999999999,1.38,60.0,0.9,0.406,0.748,0.2,17897
Craig Kimbrel,BAL,2024,5.33,4.18,4.0,12.55,5.33,0.315,0.134,1.36,52.1,1.2,0.32,0.619,0.2,6655
Pedro Avila,- - -,2024,3.81,3.89,4.02,8.93,3.92,0.23199999999999998,0.102,1.32,82.2,0.87,0.45,0.737,0.2,18864
Hans Crouse,LAA,2024,2.84,3.76,4.7,12.08,6.04,0.318,0.159,1.22,25.1,0.71,0.245,0.762,0.2,22192
Brennan Bernardino,BOS,2024,4.06,4.15,3.98,9.88,3.88,0.248,0.09699999999999999,1.41,51.0,1.06,0.45299999999999996,0.7609999999999999,0.2,16835
Josh Winckowski,BOS,2024,4.14,4.48,4.14,7.11,3.08,0.179,0.077,1.41,76.0,1.18,0.515,0.691,0.2,22387
Danny Young,NYM,2024,4.54,3.64,3.41,11.47,4.3,0.29100000000000004,0.109,1.25,37.2,0.72,0.5329999999999999,0.643,0.2,18439
Manuel Rodriguez,TBR,2024,2.15,3.67,4.04,8.12,2.63,0.215,0.07,1.06,37.2,0.72,0.47100000000000003,0.784,0.2,20794
Cody Poteet,NYY,2024,2.22,4.03,4.33,5.92,2.96,0.16699999999999998,0.083,1.07,24.1,0.74,0.423,0.826,0.2,18769
Sam Long,KCR,2024,3.16,3.89,4.0,9.28,3.59,0.25,0.09699999999999999,1.2,42.2,1.05,0.429,0.778,0.2,25379
Hunter Strickland,LAA,2024,3.31,4.45,4.88,7.0,2.95,0.19399999999999998,0.08199999999999999,1.09,73.1,1.23,0.35700000000000004,0.75,0.2,7836
Hayden Wesneski,CHC,2024,3.86,4.51,3.93,8.91,2.79,0.237,0.07400000000000001,1.14,67.2,1.6,0.44799999999999995,0.675,0.2,27581
Seth Halvorsen,COL,2024,1.46,3.9,3.5,9.49,1.46,0.28300000000000003,0.043,0.81,12.1,1.46,0.467,0.976,0.2,33294
Keegan Thompson,CHC,2024,2.67,3.86,3.97,10.68,5.34,0.28300000000000003,0.142,1.22,30.1,0.89,0.375,0.762,0.2,19795
Jorge Lopez,- - -,2024,2.89,3.94,3.95,8.49,3.23,0.23,0.08800000000000001,1.23,53.0,1.02,0.51,0.8190000000000001,0.2,14527
Tayler Saucedo,SEA,2024,3.49,3.76,4.0,8.84,4.19,0.22899999999999998,0.10800000000000001,1.37,38.2,0.7,0.509,0.787,0.2,17888
Angel Zerpa,KCR,2024,3.86,3.97,3.7,8.22,3.19,0.205,0.079,1.45,53.2,1.01,0.584,0.782,0.2,22717
Alexis Diaz,CIN,2024,3.99,4.57,5.06,8.79,4.95,0.22699999999999998,0.128,1.3,56.1,0.96,0.327,0.68,0.2,21132
Jared Shuster,CHW,2024,4.3,4.58,5.09,6.87,4.05,0.174,0.10300000000000001,1.46,73.1,1.1,0.34299999999999997,0.731,0.2,27472
Dillon Tate,- - -,2024,4.66,3.71,4.45,6.63,2.95,0.165,0.073,1.47,36.2,0.49,0.496,0.67,0.2,17796
Caleb Thielbar,MIN,2024,5.32,4.1,4.21,10.08,4.56,0.245,0.111,1.56,47.1,1.14,0.38,0.625,0.2,10078
Peter Lambert,COL,2024,5.72,4.54,4.68,7.34,4.26,0.179,0.10400000000000001,1.66,61.1,1.03,0.365,0.6579999999999999,0.2,17969
Bryce Elder,ATL,2024,6.52,4.56,3.95,8.34,3.08,0.204,0.075,1.63,49.2,1.45,0.506,0.6409999999999999,0.2,27779
Slade Cecconi,ARI,2024,6.66,5.02,4.7,7.48,1.99,0.18899999999999997,0.05,1.42,77.0,1.87,0.336,0.618,0.2,27500
Enoli Paredes,- - -,2024,1.66,3.35,4.82,6.65,4.15,0.184,0.115,1.06,21.2,0.0,0.45799999999999996,0.84,0.2,20447
Taylor Rogers,SFG,2024,2.4,3.75,3.72,9.6,3.3,0.257,0.08800000000000001,1.25,60.0,1.05,0.46299999999999997,0.818,0.2,13449
Drew Smith,NYM,2024,3.06,3.56,4.23,11.72,4.58,0.29100000000000004,0.114,1.53,17.2,1.02,0.255,0.826,0.2,17755
Brent Suter,CIN,2024,3.15,4.31,4.19,6.85,1.64,0.185,0.044000000000000004,1.14,65.2,1.37,0.409,0.828,0.2,13942
Anthony Veneziano,- - -,2024,3.38,2.94,3.89,9.45,2.03,0.24100000000000002,0.052000000000000005,1.43,13.1,0.68,0.325,0.6990000000000001,0.2,27453
Yency Almonte,CHC,2024,3.45,3.36,3.88,11.49,4.6,0.299,0.11900000000000001,1.09,15.2,0.57,0.43200000000000005,0.682,0.2,15068
Josh Staumont,MIN,2024,3.7,3.54,5.03,6.66,5.18,0.17600000000000002,0.13699999999999998,1.27,24.1,0.0,0.47100000000000003,0.625,0.2,18335
Ty Madden,DET,2024,4.3,3.99,4.83,6.65,3.13,0.168,0.079,1.43,23.0,0.78,0.446,0.705,0.2,30140
Justin Anderson,CHW,2024,4.39,4.22,4.76,9.62,5.4,0.23600000000000002,0.132,1.5,53.1,0.84,0.37799999999999995,0.711,0.2,16201
Marco Gonzales,PIT,2024,4.54,4.71,4.8,6.15,2.94,0.152,0.073,1.6,33.2,1.34,0.40399999999999997,0.787,0.2,15467
Joey Wentz,- - -,2024,4.68,4.19,4.24,9.76,4.41,0.24,0.109,1.47,67.1,1.07,0.41100000000000003,0.7190000000000001,0.2,19962
Bryan Baker,BAL,2024,5.01,3.77,3.78,8.87,2.7,0.247,0.075,1.16,23.1,1.16,0.413,0.57,0.2,19804
DL Hall,MIL,2024,5.02,4.68,4.48,9.21,4.4,0.223,0.107,1.6,43.0,1.26,0.455,0.728,0.2,22207
Anthony Maldonado,MIA,2024,5.68,3.8,5.1,5.21,3.32,0.134,0.085,1.47,19.0,0.47,0.33299999999999996,0.602,0.2,26034
Anthony Molina,COL,2024,6.79,4.09,4.47,6.18,3.32,0.155,0.083,1.58,59.2,0.75,0.419,0.562,0.2,26952
Sean Reynolds,SDP,2024,0.82,0.98,2.36,17.18,4.09,0.429,0.102,1.36,11.0,0.0,0.381,0.938,0.2,22253
Alek Jacob,SDP,2024,2.45,2.28,2.94,11.66,1.23,0.33299999999999996,0.035,0.75,14.2,0.61,0.294,0.7759999999999999,0.2,29628
Eduardo Salazar,- - -,2024,2.76,3.75,3.94,8.28,4.3,0.203,0.105,1.64,29.1,0.61,0.56,0.823,0.2,23135
Carlos Hernandez,KCR,2024,3.3,3.5,5.44,8.1,4.8,0.209,0.124,1.33,30.0,0.3,0.318,0.682,0.2,22713
Kumar Rocker,TEX,2024,3.86,3.68,3.86,10.8,4.63,0.255,0.109,1.54,11.2,0.77,0.515,0.7390000000000001,0.2,31843
Carson Fulmer,LAA,2024,4.15,4.5,4.56,8.41,4.15,0.214,0.106,1.4,86.2,1.14,0.406,0.732,0.2,18311
Matt Manning,DET,2024,4.88,4.21,5.21,7.48,3.9,0.187,0.098,1.55,27.2,0.98,0.307,0.722,0.2,20369
Tyler Mahle,TEX,2024,4.97,3.8,4.56,7.11,2.84,0.179,0.071,1.42,12.2,0.71,0.439,0.682,0.2,16358
Gabe Speier,SEA,2024,5.7,3.5,3.88,12.55,5.32,0.317,0.135,1.39,23.2,0.76,0.396,0.621,0.2,17170
Tyler Wells,BAL,2024,5.87,4.6,4.33,7.63,1.76,0.19399999999999998,0.045,1.37,15.1,1.76,0.373,0.595,0.2,20000
Elvis Peguero,MIL,2024,2.98,4.04,4.12,8.24,4.73,0.207,0.11900000000000001,1.54,51.1,0.7,0.573,0.782,0.1,21652
Griffin Canning,LAA,2024,5.19,5.26,4.75,6.82,3.46,0.17600000000000002,0.08900000000000001,1.4,171.2,1.63,0.40700000000000003,0.696,0.1,19867
Jose Ruiz,PHI,2024,3.71,4.23,3.67,9.18,3.0,0.24,0.078,1.33,51.0,1.41,0.452,0.7959999999999999,0.1,14552
Hayden Birdsong,SFG,2024,4.75,4.67,4.21,11.0,5.38,0.27899999999999997,0.13699999999999998,1.39,72.0,1.38,0.39799999999999996,0.7340000000000001,0.1,31635
Camilo Doval,SFG,2024,4.88,3.71,3.63,11.9,5.95,0.28800000000000003,0.14400000000000002,1.58,59.0,0.76,0.6,0.682,0.1,21992
James McArthur,KCR,2024,4.92,4.17,3.62,7.78,2.22,0.198,0.057,1.45,56.2,1.27,0.5329999999999999,0.664,0.1,21527
Chad Green,TOR,2024,3.21,4.29,4.44,7.76,2.36,0.21899999999999997,0.067,1.03,53.1,1.35,0.37200000000000005,0.8079999999999999,0.1,15552
Michael Kelly,OAK,2024,2.59,3.84,4.94,6.32,2.87,0.172,0.078,1.18,31.1,0.57,0.389,0.78,0.1,12791
Colin Holderman,PIT,2024,3.16,4.26,4.42,9.82,4.38,0.251,0.11199999999999999,1.31,51.1,1.05,0.375,0.77,0.1,22361
Luke Little,CHC,2024,3.46,4.05,4.31,9.69,6.23,0.257,0.165,1.27,26.0,0.35,0.7240000000000001,0.73,0.1,28036
Phil Maton,- - -,2024,3.66,4.26,4.28,8.44,3.38,0.226,0.091,1.11,64.0,0.98,0.46799999999999997,0.755,0.1,18064
Richard Lovelady,- - -,2024,4.46,3.92,4.24,6.82,2.88,0.177,0.075,1.31,34.1,0.79,0.509,0.6779999999999999,0.1,19337
Robbie Ray,SFG,2024,4.7,4.96,4.09,12.62,4.4,0.33299999999999996,0.11599999999999999,1.14,30.2,1.76,0.281,0.767,0.1,11486
Quinn Priester,- - -,2024,4.71,4.7,4.11,5.98,2.54,0.149,0.063,1.41,49.2,1.27,0.579,0.68,0.1,25977
Carlos Carrasco,CLE,2024,5.64,4.93,4.18,7.73,2.86,0.19899999999999998,0.07400000000000001,1.4,103.2,1.65,0.465,0.665,0.1,6632
John McMillon,MIA,2024,1.5,3.33,3.76,9.75,3.75,0.27699999999999997,0.106,1.0,12.0,0.75,0.46399999999999997,0.755,0.1,27942
Jake Cousins,NYY,2024,2.37,4.06,3.54,12.55,4.74,0.342,0.129,1.05,38.0,1.18,0.42100000000000004,0.816,0.1,21620
Fraser Ellard,CHW,2024,3.75,4.25,3.95,9.75,4.5,0.257,0.11900000000000001,1.25,24.0,1.13,0.452,0.7090000000000001,0.1,29530
Kyle Nicolas,PIT,2024,3.95,4.03,4.49,9.05,5.1,0.226,0.128,1.5,54.2,0.66,0.45399999999999996,0.6970000000000001,0.1,27775
Nate Pearson,- - -,2024,4.48,4.37,3.71,10.04,2.85,0.26,0.07400000000000001,1.33,66.1,1.63,0.371,0.768,0.1,20160
Trevor Richards,- - -,2024,4.55,4.36,4.96,8.54,4.82,0.22399999999999998,0.126,1.21,65.1,0.96,0.35200000000000004,0.632,0.1,19309
Kolby Allard,PHI,2024,5.0,4.76,4.31,7.67,2.67,0.19699999999999998,0.068,1.56,27.0,1.67,0.45299999999999996,0.7709999999999999,0.1,18694
Scott Blewett,MIN,2024,1.77,4.0,4.14,7.97,3.54,0.212,0.094,1.23,20.1,0.89,0.414,0.905,0.1,16427
Scott Alexander,OAK,2024,2.56,3.89,3.94,7.22,3.49,0.19399999999999998,0.094,1.19,38.2,0.7,0.6,0.7759999999999999,0.1,10591
Brent Honeywell,- - -,2024,2.63,4.28,4.97,4.3,2.63,0.121,0.07400000000000001,1.14,37.2,0.72,0.42200000000000004,0.809,0.1,16466
Cole Sulser,- - -,2024,2.76,3.78,4.83,8.27,4.96,0.22699999999999998,0.136,1.1,16.1,0.55,0.415,0.7829999999999999,0.1,15256
Ronny Henriquez,MIN,2024,3.26,4.05,3.95,6.98,2.33,0.183,0.061,1.29,19.1,0.93,0.5329999999999999,0.785,0.1,24094
Prelander Berroa,CHW,2024,3.32,4.01,4.23,12.32,6.16,0.313,0.157,1.47,19.0,0.95,0.419,0.84,0.1,22932
Ethan Roberts,CHC,2024,3.71,3.92,4.61,8.78,3.38,0.22,0.085,1.54,26.2,1.01,0.284,0.82,0.1,24930
Yilber Diaz,ARI,2024,3.81,4.47,4.75,6.04,3.81,0.16,0.10099999999999999,1.38,28.1,0.95,0.35600000000000004,0.747,0.1,29271
Grant Holman,OAK,2024,4.02,3.87,4.58,9.19,5.17,0.21899999999999997,0.12300000000000001,1.66,15.2,0.57,0.447,0.742,0.1,30002
Chris Roycroft,STL,2024,4.19,3.84,4.22,8.65,4.46,0.213,0.11,1.4,34.1,0.52,0.535,0.6709999999999999,0.1,31261
Justin Wilson,CIN,2024,5.59,4.73,3.99,9.84,2.51,0.244,0.062,1.46,46.2,1.93,0.38299999999999995,0.7140000000000001,0.1,4301
Ray Kerr,ATL,2024,5.64,4.42,3.78,10.88,2.82,0.262,0.068,1.61,22.1,1.61,0.32799999999999996,0.7490000000000001,0.1,23809
Jose Suarez,LAA,2024,6.02,4.54,4.42,9.63,4.64,0.233,0.113,1.61,52.1,1.2,0.405,0.639,0.1,19911
Julian Merryweather,CHC,2024,6.6,3.7,5.41,8.4,5.4,0.18899999999999997,0.122,1.8,15.0,0.0,0.40399999999999997,0.633,0.1,16703
Vinny Nittoli,- - -,2024,1.5,3.42,4.6,6.0,1.5,0.174,0.043,1.0,12.0,0.75,0.33299999999999996,0.943,0.1,16754
Kevin Herget,MIL,2024,1.59,3.52,4.11,7.15,2.38,0.209,0.07,0.79,11.1,0.79,0.4,0.9209999999999999,0.1,15369
Tristan Beck,SFG,2024,1.69,3.98,4.81,7.88,2.25,0.209,0.06,1.13,16.0,1.13,0.33299999999999996,0.988,0.1,21584
Tommy Kahnle,NYY,2024,2.11,4.01,3.55,9.7,4.01,0.257,0.106,1.15,42.2,1.05,0.586,0.795,0.1,11384
Peter Strzelecki,CLE,2024,2.31,3.77,3.95,6.94,2.31,0.191,0.064,1.2,11.2,0.77,0.41200000000000003,0.882,0.1,21367
Nick Vespi,BAL,2024,2.92,3.49,3.91,6.57,2.19,0.184,0.061,1.05,12.1,0.73,0.45899999999999996,0.7759999999999999,0.1,21093
Kyle Muller,OAK,2024,4.01,3.96,4.03,6.57,1.82,0.17800000000000002,0.05,1.18,49.1,1.09,0.426,0.672,0.1,20167
Tommy Nance,TOR,2024,4.09,3.98,3.97,7.77,3.68,0.204,0.09699999999999999,1.23,22.0,0.82,0.524,0.635,0.1,19178
Alex Lange,DET,2024,4.34,3.97,5.19,10.13,8.2,0.233,0.18899999999999997,1.77,18.2,0.0,0.45799999999999996,0.5429999999999999,0.1,19883
Jimmy Herget,ATL,2024,4.38,3.57,3.79,10.95,2.19,0.28800000000000003,0.057999999999999996,1.3,12.1,1.46,0.265,0.758,0.1,17556
Joel Kuhnel,- - -,2024,4.5,3.77,4.73,4.5,0.0,0.128,0.0,0.8,10.0,0.9,0.485,0.526,0.1,19995
Yosver Zulueta,CIN,2024,4.96,3.78,3.11,11.02,3.86,0.29,0.10099999999999999,1.35,16.1,1.1,0.634,0.644,0.1,27765
Brock Stewart,MIN,2024,5.17,3.8,3.5,11.49,4.6,0.299,0.11900000000000001,1.47,15.2,1.15,0.359,0.693,0.1,16727
Humberto Castellanos,ARI,2024,5.23,3.55,5.16,6.1,3.48,0.146,0.083,1.45,10.1,0.0,0.257,0.647,0.1,21183
John Brebbia,- - -,2024,5.86,4.52,3.82,10.9,3.09,0.27699999999999997,0.079,1.36,55.1,1.79,0.29600000000000004,0.6709999999999999,0.1,12777
Sixto Sanchez,MIA,2024,6.06,4.74,5.3,4.29,3.53,0.105,0.086,1.6,35.2,0.76,0.484,0.556,0.1,19680
Nick Ramirez,LAD,2024,6.08,3.99,5.58,3.38,4.73,0.079,0.111,1.88,13.1,0.0,0.51,0.56,0.1,12575
Daniel Palencia,CHC,2024,6.14,3.64,4.88,9.82,7.36,0.23199999999999998,0.174,1.77,14.2,0.0,0.55,0.593,0.1,27914
Yohan Ramirez,- - -,2024,6.2,4.26,4.58,9.0,3.4,0.21600000000000003,0.08199999999999999,1.47,45.0,0.8,0.43799999999999994,0.594,0.1,19444
Matt Barnes,WSN,2024,6.75,3.54,4.61,6.75,2.7,0.16699999999999998,0.067,1.5,13.1,0.68,0.42200000000000004,0.484,0.1,12863
Jake Woodford,- - -,2024,7.97,4.94,4.78,6.69,2.31,0.156,0.054000000000000006,1.63,35.0,1.54,0.35200000000000004,0.446,0.1,18674
Will Warren,NYY,2024,10.32,4.93,4.0,11.51,3.97,0.264,0.091,1.9,22.2,1.99,0.36200000000000004,0.45899999999999996,0.1,30182
Hector Neris,- - -,2024,4.1,4.28,4.23,9.71,4.25,0.24600000000000002,0.10800000000000001,1.4,59.1,1.21,0.4,0.732,0.0,11804
Jacob Barnes,WSN,2024,4.36,4.38,4.17,7.5,2.73,0.19899999999999998,0.07200000000000001,1.32,66.0,1.36,0.376,0.6990000000000001,0.0,12323
Ryne Stanek,- - -,2024,4.88,4.14,4.18,10.9,4.07,0.278,0.10400000000000001,1.32,55.1,1.3,0.331,0.679,0.0,15947
Keider Montero,DET,2024,4.76,5.15,4.33,7.05,2.84,0.187,0.075,1.33,98.1,1.74,0.392,0.745,0.0,22630
A.J. Minter,ATL,2024,2.62,4.45,3.76,9.17,2.88,0.261,0.08199999999999999,1.02,34.1,1.57,0.45899999999999996,0.9420000000000001,0.0,18655
Ryan Yarbrough,- - -,2024,3.19,4.64,4.84,5.93,2.92,0.163,0.08,1.03,98.2,1.0,0.408,0.7909999999999999,0.0,16502
Jose Urena,TEX,2024,3.8,4.62,4.61,5.78,3.22,0.151,0.084,1.32,109.0,1.07,0.501,0.747,0.0,11589
Carson Spiers,CIN,2024,5.46,5.33,4.65,7.94,2.68,0.195,0.066,1.53,90.2,1.99,0.35,0.733,0.0,27685
Kyle Finnegan,WSN,2024,3.68,4.25,3.81,8.48,3.39,0.221,0.08900000000000001,1.34,63.2,1.27,0.45899999999999996,0.746,0.0,15009
Scott Barlow,CLE,2024,4.25,4.02,3.78,11.13,5.07,0.282,0.129,1.36,55.0,0.98,0.47100000000000003,0.737,0.0,14993
Kenta Maeda,DET,2024,6.09,4.96,4.51,7.69,2.48,0.198,0.064,1.38,112.1,1.76,0.364,0.619,0.0,18498
Keaton Winn,SFG,2024,7.16,4.85,4.07,7.81,3.25,0.20199999999999999,0.084,1.37,55.1,1.46,0.5,0.534,0.0,23499
Jose Quijada,LAA,2024,3.26,4.3,5.35,11.17,7.91,0.28600000000000003,0.20199999999999999,1.5,19.1,0.47,0.2,0.743,0.0,19200
Daniel Lynch IV,KCR,2024,3.32,4.41,4.32,8.1,2.91,0.22399999999999998,0.08,0.99,43.1,1.25,0.462,0.777,0.0,21537
Austin Voth,SEA,2024,3.69,4.12,3.93,9.0,2.66,0.24600000000000002,0.073,1.05,61.0,1.33,0.348,0.662,0.0,15047
Xzavion Curry,- - -,2024,4.64,4.78,5.04,5.91,1.48,0.163,0.040999999999999995,1.05,42.2,1.69,0.23399999999999999,0.6509999999999999,0.0,25595
Adam Oller,MIA,2024,5.31,5.32,5.24,7.65,4.68,0.19,0.11599999999999999,1.54,42.1,1.49,0.391,0.7340000000000001,0.0,20132
Dakota Hudson,COL,2024,6.17,5.53,5.41,4.96,5.06,0.121,0.124,1.67,89.0,1.11,0.523,0.635,0.0,19206
Josh Rogers,COL,2024,6.55,5.17,6.6,2.45,2.45,0.06,0.06,1.64,11.0,0.82,0.31,0.645,0.0,18510
Abner Uribe,MIL,2024,6.91,4.63,4.67,8.79,7.53,0.212,0.182,1.88,14.1,0.63,0.575,0.625,0.0,25327
Jeff Criswell,COL,2024,2.75,4.59,3.25,12.36,4.12,0.31,0.10300000000000001,1.47,19.2,1.83,0.396,0.9840000000000001,0.0,27608
Walter Pennington,- - -,2024,3.0,4.17,4.87,8.5,5.5,0.20199999999999999,0.131,1.67,18.0,0.5,0.45299999999999996,0.8170000000000001,0.0,27624
Alek Manoah,TOR,2024,3.7,5.18,4.19,9.62,2.96,0.252,0.078,1.03,24.1,1.85,0.354,0.591,0.0,26410
Austin Adams,OAK,2024,3.92,4.47,4.64,11.54,5.01,0.27699999999999997,0.12,1.48,41.1,0.87,0.366,0.789,0.0,13801
Josh Fleming,PIT,2024,4.02,4.76,4.87,4.88,4.02,0.12300000000000001,0.10099999999999999,1.53,31.1,0.86,0.5429999999999999,0.6920000000000001,0.0,20418
Joe Kelly,LAD,2024,4.78,4.57,4.22,9.84,4.5,0.245,0.11199999999999999,1.47,32.0,1.13,0.47100000000000003,0.711,0.0,9761
Steven Matz,STL,2024,5.08,4.88,4.5,6.7,3.05,0.174,0.079,1.44,44.1,1.42,0.401,0.6759999999999999,0.0,13361
Ryder Ryan,PIT,2024,5.66,4.52,5.38,7.4,3.92,0.183,0.09699999999999999,1.45,20.2,0.87,0.371,0.629,0.0,19891
Bradley Blalock,- - -,2024,5.87,5.61,6.09,5.87,5.87,0.136,0.136,1.79,30.2,1.17,0.368,0.675,0.0,26419
Nick Avila,SFG,2024,8.49,3.77,3.61,10.8,2.31,0.255,0.055,1.71,11.2,1.54,0.243,0.465,0.0,25667
Austin Warren,SFG,2024,1.69,4.48,4.68,5.91,4.22,0.16699999999999998,0.11900000000000001,1.31,10.2,0.84,0.5329999999999999,0.9520000000000001,0.0,24937
Jose Marte,LAA,2024,2.33,4.1,4.6,6.52,4.66,0.175,0.125,1.24,19.1,0.47,0.564,0.805,0.0,21761
Diego Castillo,MIN,2024,2.7,4.37,6.18,5.4,7.2,0.14,0.18600000000000003,1.6,10.0,0.0,0.517,0.813,0.0,17496
Alex Young,- - -,2024,2.87,4.25,4.23,8.62,4.02,0.221,0.10300000000000001,1.4,15.2,1.15,0.522,0.885,0.0,18333
Troy Taylor,SEA,2024,3.72,4.36,3.39,11.64,3.26,0.309,0.086,1.14,19.1,1.86,0.313,0.8540000000000001,0.0,31883
Nick Robertson,- - -,2024,4.05,4.44,3.56,9.45,1.35,0.255,0.036000000000000004,1.28,13.1,2.03,0.33299999999999996,0.8590000000000001,0.0,26226
Kirby Snead,SEA,2024,4.35,3.84,5.31,6.1,6.1,0.146,0.146,1.84,10.1,0.0,0.515,0.737,0.0,19179
Max Lazar,PHI,2024,4.61,4.19,3.62,5.93,1.32,0.16699999999999998,0.037000000000000005,1.1,13.2,1.32,0.429,0.6559999999999999,0.0,23426
Sammy Peralta,CHW,2024,4.8,4.83,4.71,6.6,4.2,0.153,0.09699999999999999,1.87,15.0,1.2,0.444,0.754,0.0,25589
Josh Walker,NYM,2024,5.11,3.9,4.56,8.03,4.38,0.2,0.109,1.54,12.1,0.73,0.474,0.682,0.0,23617
Joey Lucchesi,NYM,2024,5.23,5.39,5.89,6.1,6.97,0.152,0.174,1.55,10.1,0.87,0.44799999999999995,0.685,0.0,19320
Jacob Waguespack,TBR,2024,5.4,5.27,5.18,9.9,9.0,0.21600000000000003,0.196,2.3,10.0,0.9,0.5,0.741,0.0,18318
Kyle Tyler,MIA,2024,5.4,5.03,4.72,7.11,5.12,0.17600000000000002,0.127,1.74,31.2,1.14,0.5,0.7340000000000001,0.0,22092
Logan Allen,ARI,2024,5.46,4.35,4.57,6.75,3.21,0.16399999999999998,0.078,1.5,28.0,0.96,0.41100000000000003,0.6779999999999999,0.0,18555
Noah Davis,COL,2024,5.75,4.64,4.81,6.64,3.1,0.156,0.073,1.87,20.1,1.33,0.425,0.68,0.0,25862
Emmanuel Ramirez,MIA,2024,6.97,4.62,4.49,9.15,3.48,0.228,0.087,1.4,20.2,1.31,0.4,0.54,0.0,17304
Logan Gillaspie,SDP,2024,7.15,4.49,4.6,5.56,0.0,0.14300000000000002,0.0,1.32,11.1,1.59,0.293,0.53,0.0,22461
Brett de Geus,- - -,2024,7.15,3.78,4.58,5.56,3.18,0.135,0.077,1.59,11.1,0.0,0.541,0.524,0.0,23592
Carlos Rodriguez,MIL,2024,7.3,5.6,4.64,6.57,2.19,0.158,0.053,1.78,12.1,2.19,0.273,0.618,0.0,30161
Ryan Borucki,PIT,2024,7.36,4.53,3.27,10.64,3.27,0.255,0.078,1.64,11.0,1.64,0.5,0.556,0.0,16350
Cole Winn,TEX,2024,7.79,4.26,4.51,7.27,2.08,0.182,0.052000000000000005,1.27,17.1,1.04,0.375,0.45,0.0,22113
Shaun Anderson,- - -,2024,8.27,4.7,4.81,5.51,0.55,0.11800000000000001,0.012,2.14,16.1,1.65,0.34700000000000003,0.535,0.0,19453
JoJo Romero,STL,2024,3.36,4.27,3.84,7.78,2.44,0.21,0.066,1.15,59.0,1.22,0.488,0.809,-0.1,19574
Tyler Kinley,COL,2024,6.19,4.79,4.23,10.13,4.64,0.253,0.11599999999999999,1.47,64.0,1.55,0.379,0.645,-0.1,18297
Dane Dunning,TEX,2024,5.31,5.17,4.41,8.62,3.79,0.21600000000000003,0.095,1.44,95.0,1.71,0.43799999999999994,0.705,-0.1,19409
Luke Jackson,- - -,2024,5.09,4.24,3.81,10.02,4.42,0.251,0.111,1.47,53.0,1.19,0.507,0.67,-0.1,11752
Tyler Phillips,PHI,2024,6.87,5.57,4.27,6.87,1.72,0.175,0.044000000000000004,1.42,36.2,2.21,0.423,0.628,-0.1,20629
Valente Bellozo,MIA,2024,3.67,5.73,5.47,5.77,2.75,0.149,0.071,1.31,68.2,1.97,0.3,0.8590000000000001,-0.1,23899
Seranthony Dominguez,- - -,2024,4.45,4.68,4.01,10.43,3.22,0.267,0.08199999999999999,1.24,58.2,1.84,0.358,0.7390000000000001,-0.1,19249
Drew Thorpe,CHW,2024,5.48,5.87,5.81,5.08,4.26,0.132,0.111,1.26,44.1,1.62,0.36200000000000004,0.611,-0.1,31967
Adam Cimber,LAA,2024,7.03,4.6,5.38,7.03,5.18,0.17800000000000002,0.131,1.4,24.1,0.37,0.44799999999999995,0.544,-0.1,15288
Jordan Wicks,CHC,2024,5.48,5.32,4.65,8.22,3.91,0.198,0.094,1.63,46.0,1.76,0.39,0.7140000000000001,-0.1,30094
Ron Marinaccio,NYY,2024,3.86,4.92,4.25,9.64,3.86,0.253,0.10099999999999999,1.2,23.1,1.54,0.39,0.787,-0.1,23488
Sam Aldegheri,LAA,2024,4.85,6.4,7.42,6.92,6.92,0.149,0.149,1.92,13.0,1.38,0.222,0.62,-0.1,26443
Alex Wood,OAK,2024,5.26,5.3,5.13,7.55,4.35,0.177,0.102,1.78,39.1,1.37,0.368,0.721,-0.1,13781
Walker Buehler,LAD,2024,5.38,5.54,4.49,7.65,3.35,0.18600000000000003,0.081,1.55,75.1,1.91,0.455,0.703,-0.1,19374
Mason Englert,DET,2024,5.4,4.92,4.68,6.65,2.08,0.172,0.054000000000000006,1.29,21.2,1.66,0.366,0.598,-0.1,22288
Adrian Houser,NYM,2024,5.84,4.93,5.11,5.84,4.15,0.146,0.10400000000000001,1.53,69.1,1.04,0.485,0.628,-0.1,12718
Spencer Howard,- - -,2024,6.21,4.99,5.05,8.38,4.34,0.188,0.09699999999999999,2.0,29.0,1.55,0.386,0.667,-0.1,23252
Kody Funderburk,MIN,2024,6.49,4.55,4.14,8.31,3.89,0.19899999999999998,0.09300000000000001,1.62,34.2,1.04,0.546,0.632,-0.1,24993
Deivi Garcia,CHW,2024,7.07,5.24,5.43,9.64,7.07,0.221,0.162,1.93,14.0,1.29,0.33299999999999996,0.455,-0.1,20276
Easton Lucas,- - -,2024,10.8,5.14,6.36,7.71,6.94,0.16399999999999998,0.14800000000000002,2.23,11.2,0.77,0.39,0.469,-0.1,26058
Yoendrys Gomez,NYY,2024,3.97,5.81,6.32,7.94,5.56,0.185,0.13,1.59,11.1,1.59,0.33299999999999996,0.8640000000000001,-0.1,22872
Ryan Miller,LAA,2024,4.15,5.32,5.06,7.62,5.54,0.19,0.138,1.62,13.0,1.38,0.42100000000000004,0.769,-0.1,22187
Caleb Kilian,CHC,2024,4.22,5.98,5.38,5.91,5.06,0.146,0.125,1.59,10.2,1.69,0.424,0.775,-0.1,26213
Kyle Nelson,ARI,2024,4.22,5.23,3.78,6.75,3.38,0.19,0.095,1.13,10.2,1.69,0.36700000000000005,0.7609999999999999,-0.1,20515
Cody Bolton,SEA,2024,4.34,4.88,4.57,8.2,4.34,0.205,0.10800000000000001,1.45,18.2,1.45,0.386,0.7020000000000001,-0.1,23265
Joe La Sorsa,WSN,2024,4.58,5.54,4.31,7.13,2.55,0.18899999999999997,0.068,1.25,17.2,2.04,0.385,0.805,-0.1,25481
Gerson Garabito,TEX,2024,4.78,5.29,5.1,7.52,4.1,0.191,0.10400000000000001,1.33,26.1,1.37,0.342,0.7190000000000001,-0.1,19835
Aaron Brooks,OAK,2024,5.06,5.23,5.15,4.05,2.7,0.10099999999999999,0.067,1.54,26.2,1.35,0.474,0.632,-0.1,12272
Jaden Hill,COL,2024,5.06,6.17,5.43,5.06,3.38,0.133,0.08900000000000001,1.13,10.2,1.69,0.606,0.625,-0.1,30250
Jacob Lopez,TBR,2024,5.23,6.75,7.16,6.97,6.1,0.174,0.152,1.16,10.1,1.74,0.207,0.625,-0.1,25098
Dallas Keuchel,MIL,2024,5.4,5.63,4.83,5.94,4.32,0.139,0.10099999999999999,1.86,16.2,1.62,0.525,0.784,-0.1,9434
Ky Bush,CHW,2024,5.6,6.28,7.03,5.6,8.15,0.126,0.184,2.04,17.2,1.02,0.368,0.76,-0.1,29823
Joely Rodriguez,BOS,2024,5.93,4.92,3.06,7.9,1.32,0.188,0.031,1.54,13.2,1.98,0.5920000000000001,0.506,-0.1,11487
Tim Mayza,- - -,2024,6.33,4.5,4.68,5.91,3.16,0.14400000000000002,0.077,1.62,42.2,1.05,0.45299999999999996,0.5710000000000001,-0.1,15042
Parker Mushinski,HOU,2024,6.55,5.44,6.18,2.45,4.09,0.06,0.1,1.45,11.0,0.82,0.375,0.449,-0.1,21324
Antonio Senzatela,COL,2024,6.57,7.14,5.82,5.11,5.84,0.13,0.14800000000000002,1.86,12.1,2.19,0.436,0.691,-0.1,15488
Mike Clevinger,CHW,2024,6.75,6.23,5.34,8.44,5.06,0.192,0.115,1.94,16.0,2.25,0.34,0.7090000000000001,-0.1,12808
Joan Adon,WSN,2024,6.75,5.89,4.58,5.06,3.38,0.125,0.083,1.5,10.2,1.69,0.583,0.634,-0.1,22925
J.P. France,HOU,2024,7.46,5.53,5.6,7.82,4.26,0.182,0.099,1.7,25.1,1.78,0.29100000000000004,0.622,-0.1,21212
Ricardo Pinto,PHI,2024,10.97,6.07,5.34,6.75,4.22,0.136,0.085,2.25,10.2,1.69,0.591,0.517,-0.1,16318
Ben Heller,PIT,2024,11.25,4.75,5.3,11.25,4.5,0.22699999999999998,0.091,2.08,12.0,0.75,0.436,0.507,-0.1,15100
Shelby Miller,DET,2024,4.53,4.48,4.36,7.92,2.1,0.218,0.057999999999999996,0.97,55.2,1.46,0.39899999999999997,0.603,-0.2,10197
Chris Stratton,KCR,2024,5.55,4.62,5.17,6.79,5.09,0.171,0.128,1.47,58.1,0.77,0.449,0.622,-0.2,13761
JT Chargois,- - -,2024,2.23,4.9,4.58,7.43,3.22,0.205,0.08900000000000001,1.02,36.1,1.49,0.366,0.98,-0.2,13767
Seth Martinez,HOU,2024,3.59,4.78,4.95,6.15,3.08,0.162,0.081,1.27,52.2,1.2,0.40399999999999997,0.768,-0.2,21045
Nick Anderson,KCR,2024,4.04,5.07,4.75,7.32,3.79,0.19,0.098,1.4,35.2,1.51,0.39799999999999996,0.7979999999999999,-0.2,18337
Steven Okert,MIN,2024,5.09,5.12,4.88,8.41,4.08,0.20600000000000002,0.1,1.5,35.1,1.53,0.327,0.7140000000000001,-0.2,13580
David Bednar,PIT,2024,5.77,4.8,4.87,9.05,4.37,0.221,0.107,1.42,57.2,1.4,0.371,0.622,-0.2,19569
Michael Petersen,- - -,2024,5.95,5.56,6.03,6.41,5.03,0.156,0.122,1.63,19.2,1.37,0.266,0.66,-0.2,20827
Jesse Chavez,ATL,2024,3.13,4.43,3.88,7.82,2.7,0.20800000000000002,0.07200000000000001,1.25,63.1,1.42,0.431,0.8029999999999999,-0.2,5448
Angel Chivilli,COL,2024,4.55,5.31,3.92,7.96,2.84,0.21100000000000002,0.075,1.29,31.2,1.99,0.5,0.7759999999999999,-0.2,26790
Kaleb Ort,HOU,2024,2.55,5.23,3.63,9.49,1.46,0.28,0.043,0.81,24.2,2.55,0.33899999999999997,1.0,-0.2,20061
Matt Bowman,- - -,2024,4.4,5.19,4.79,7.04,3.82,0.182,0.098,1.27,30.2,1.47,0.441,0.765,-0.2,13528
Blake Walston,ARI,2024,4.42,6.17,5.31,8.84,4.91,0.217,0.12,1.42,18.1,1.96,0.34600000000000003,0.726,-0.2,26270
Sean Newcomb,OAK,2024,6.3,7.07,5.98,6.3,7.2,0.156,0.17800000000000002,1.7,10.0,1.8,0.5,0.7240000000000001,-0.2,16943
Zebby Matthews,MIN,2024,6.69,5.72,4.05,10.27,2.63,0.243,0.062,1.65,37.2,2.63,0.38,0.679,-0.2,31827
Touki Toussaint,CHW,2024,7.43,5.08,4.5,10.17,7.04,0.222,0.154,2.3,23.0,1.17,0.514,0.703,-0.2,16929
Tyler Beede,CLE,2024,8.36,5.02,4.46,11.57,5.79,0.265,0.132,1.79,14.0,1.29,0.43200000000000005,0.556,-0.2,16981
Brandon Williamson,CIN,2024,3.77,6.59,4.96,7.53,3.14,0.203,0.085,1.05,14.1,2.51,0.325,0.877,-0.2,25463
Tanner Rainey,WSN,2024,4.76,5.42,5.9,7.76,5.12,0.19,0.126,1.49,51.0,1.41,0.281,0.7559999999999999,-0.2,17610
Miguel Castro,ARI,2024,5.93,5.73,4.64,5.27,1.98,0.125,0.047,1.68,13.2,1.98,0.47100000000000003,0.758,-0.2,15684
Kenny Rosenberg,LAA,2024,6.0,5.46,4.89,6.38,3.0,0.163,0.077,1.5,24.0,1.88,0.37200000000000005,0.655,-0.2,20009
Yonny Chirinos,MIA,2024,6.3,6.13,5.52,7.5,3.9,0.174,0.09,1.87,30.0,2.1,0.363,0.772,-0.2,16401
Elieser Hernandez,- - -,2024,6.32,7.25,6.0,4.6,2.87,0.125,0.078,1.21,15.2,2.87,0.21600000000000003,0.667,-0.2,16933
Johnny Cueto,LAA,2024,7.15,7.49,5.3,4.76,2.38,0.12,0.06,1.5,11.1,3.18,0.415,0.7020000000000001,-0.2,6893
Matt Sauer,KCR,2024,7.71,6.66,7.32,4.96,6.06,0.107,0.131,2.08,16.1,1.65,0.317,0.682,-0.2,22284
Domingo German,PIT,2024,7.84,6.12,5.8,7.84,5.66,0.18,0.13,1.84,20.2,1.74,0.33299999999999996,0.61,-0.2,17149
J.P. Feyereisen,LAD,2024,8.18,6.71,5.37,7.36,4.09,0.188,0.10400000000000001,1.45,11.0,2.45,0.33299999999999996,0.547,-0.2,16610
Darius Vines,ATL,2024,8.56,6.75,5.49,5.93,2.63,0.136,0.061,1.83,13.2,2.63,0.40399999999999997,0.588,-0.2,25928
Tanner Gordon,COL,2024,8.65,6.14,4.51,6.82,1.57,0.163,0.038,1.72,34.1,2.62,0.377,0.574,-0.2,27669
Jack Leiter,TEX,2024,8.83,5.66,5.27,7.82,4.29,0.179,0.098,1.71,35.2,1.77,0.381,0.461,-0.2,30146
Daulton Jefferies,- - -,2024,9.82,6.1,5.13,7.36,2.45,0.16399999999999998,0.055,1.91,14.2,2.45,0.39299999999999996,0.385,-0.2,19345
Kai-Wei Teng,SFG,2024,9.82,6.71,6.41,5.73,6.55,0.127,0.145,2.09,11.0,1.64,0.436,0.5660000000000001,-0.2,24282
Tyler Matzek,ATL,2024,9.9,5.97,4.03,9.0,2.7,0.20800000000000002,0.063,1.9,10.0,2.7,0.314,0.541,-0.2,10058
Tom Cosgrove,SDP,2024,11.66,5.83,5.02,9.2,3.68,0.19699999999999998,0.079,1.98,14.2,1.84,0.38,0.486,-0.2,23443
Zack Kelly,BOS,2024,3.97,4.84,3.94,9.69,4.29,0.253,0.11199999999999999,1.25,56.2,1.59,0.473,0.7120000000000001,-0.3,20349
Bryse Wilson,MIL,2024,4.04,5.09,4.61,7.05,2.67,0.18600000000000003,0.07,1.27,104.2,1.72,0.37799999999999995,0.807,-0.3,19990
Drew Smyly,CHC,2024,3.84,4.91,4.57,8.59,3.84,0.218,0.09699999999999999,1.4,58.2,1.53,0.353,0.789,-0.3,11760
Spencer Bivens,SFG,2024,3.14,4.79,3.97,6.84,2.03,0.183,0.054000000000000006,1.19,48.2,1.66,0.539,0.841,-0.3,30226
Max Meyer,MIA,2024,5.68,5.9,4.43,7.26,3.0,0.185,0.077,1.42,57.0,2.21,0.5,0.7140000000000001,-0.3,27474
Jacob Latz,TEX,2024,3.71,5.04,5.2,8.24,5.56,0.20800000000000002,0.141,1.51,43.2,1.24,0.361,0.802,-0.3,21306
Jake Bird,COL,2024,4.5,5.42,5.42,6.98,5.63,0.168,0.135,1.7,40.0,1.13,0.467,0.785,-0.3,21267
Julian Aguiar,CIN,2024,6.25,6.86,5.87,5.4,3.41,0.136,0.086,1.33,31.2,2.27,0.373,0.698,-0.3,30031
Brendon Little,TOR,2024,3.74,4.9,3.57,7.09,3.74,0.187,0.098,1.31,45.2,1.38,0.7090000000000001,0.7809999999999999,-0.3,21574
Colin Poche,TBR,2024,3.86,4.88,4.59,7.96,3.13,0.21600000000000003,0.085,1.15,37.1,1.69,0.33299999999999996,0.813,-0.3,19403
Lucas Sims,- - -,2024,4.38,5.23,5.33,8.94,5.47,0.228,0.14,1.44,49.1,1.46,0.28,0.7929999999999999,-0.3,13470
Brandon Bielak,- - -,2024,5.16,5.93,5.98,4.25,3.94,0.1,0.09300000000000001,1.75,29.2,1.52,0.387,0.787,-0.3,19866
Justin Wrobleski,LAD,2024,5.7,6.36,5.18,6.44,3.96,0.16899999999999998,0.10400000000000001,1.38,36.1,2.23,0.309,0.703,-0.3,31204
Mason Black,SFG,2024,6.44,5.45,5.24,7.68,3.72,0.183,0.08900000000000001,1.68,36.1,1.73,0.319,0.701,-0.3,30171
Jordan Romano,TOR,2024,6.59,6.17,4.35,8.56,2.63,0.21,0.065,1.46,13.2,2.63,0.27899999999999997,0.7140000000000001,-0.3,16122
Adam Mazur,SDP,2024,7.49,6.23,6.2,5.88,5.61,0.139,0.133,1.81,33.2,1.6,0.336,0.6409999999999999,-0.3,31900
Jay Jackson,MIN,2024,7.52,5.44,3.83,9.91,3.08,0.254,0.079,1.41,26.1,2.39,0.355,0.478,-0.3,7432
Zach Plesac,LAA,2024,8.25,8.42,7.36,3.75,5.25,0.09300000000000001,0.13,1.58,12.0,3.0,0.195,0.597,-0.3,19979
Jose Cisnero,LAA,2024,6.89,6.23,4.65,9.77,4.6,0.23,0.10800000000000001,1.66,15.2,2.3,0.413,0.58,-0.3,6399
Yunior Marte,PHI,2024,6.92,5.63,4.58,7.96,5.19,0.18100000000000002,0.11800000000000001,1.88,26.0,1.73,0.449,0.643,-0.3,14416
Jake Bloss,HOU,2024,6.94,7.62,4.77,8.49,2.31,0.2,0.055,1.63,11.2,3.86,0.25,0.833,-0.3,33168
Zack Thompson,STL,2024,9.53,6.99,4.36,10.59,4.24,0.24100000000000002,0.096,1.88,17.0,3.18,0.40700000000000003,0.61,-0.3,25918
Alex Faedo,DET,2024,3.61,4.91,4.43,8.63,4.4,0.22399999999999998,0.114,1.34,57.1,1.41,0.389,0.831,-0.4,19874
Emerson Hancock,SEA,2024,4.75,5.69,5.24,5.79,2.82,0.147,0.071,1.34,60.2,1.78,0.34700000000000003,0.7120000000000001,-0.4,27470
Genesis Cabrera,TOR,2024,3.59,5.13,4.74,7.18,4.16,0.185,0.107,1.47,62.2,1.44,0.428,0.7879999999999999,-0.4,17490
Jonathan Hernandez,- - -,2024,5.4,5.17,4.84,8.1,5.82,0.203,0.146,1.59,43.1,1.25,0.496,0.682,-0.4,17464
Mike Baumann,- - -,2024,5.55,4.83,4.69,8.95,4.32,0.22,0.106,1.49,58.1,1.39,0.39299999999999996,0.6509999999999999,-0.4,20206
Victor Gonzalez,NYY,2024,3.86,5.95,5.97,4.24,5.01,0.113,0.134,1.11,23.1,1.16,0.551,0.685,-0.4,16408
Bryan Sammons,DET,2024,3.62,5.8,5.49,5.93,2.96,0.17300000000000001,0.087,0.91,27.1,1.98,0.2,0.852,-0.4,20462
Mitch White,- - -,2024,7.23,6.04,5.7,4.94,4.94,0.11800000000000001,0.11800000000000001,1.65,23.2,1.52,0.40700000000000003,0.552,-0.4,19225
Thyago Vieira,- - -,2024,5.21,6.06,5.04,9.24,6.16,0.22,0.147,1.66,38.0,1.89,0.385,0.7809999999999999,-0.4,14510
Brad Keller,- - -,2024,5.44,5.68,4.64,6.97,3.27,0.16699999999999998,0.078,1.52,41.1,1.96,0.5,0.706,-0.4,15734
Darren McCaughan,- - -,2024,6.21,6.12,5.85,6.0,3.21,0.14400000000000002,0.077,1.62,42.0,1.93,0.34299999999999997,0.684,-0.4,20038
Jordan Leasure,CHW,2024,6.32,5.82,5.45,7.47,5.17,0.183,0.127,1.6,31.1,1.72,0.358,0.6809999999999999,-0.4,29950
Will Smith,KCR,2024,6.53,5.27,5.41,6.31,3.27,0.156,0.081,1.45,41.1,1.52,0.307,0.602,-0.4,8048
Kent Emanuel,MIA,2024,6.62,6.45,4.96,6.11,3.57,0.146,0.085,1.53,17.2,2.04,0.6,0.6559999999999999,-0.4,15849
Dominic Leone,CHW,2024,6.63,6.32,4.78,8.05,6.63,0.191,0.157,1.79,19.0,1.89,0.491,0.599,-0.4,13763
Louie Varland,MIN,2024,7.61,5.54,4.14,8.88,2.9,0.20600000000000002,0.067,1.69,49.2,2.17,0.419,0.618,-0.4,27691
Jose Cuas,- - -,2024,7.71,7.02,5.97,9.37,5.51,0.205,0.12,1.78,16.1,2.2,0.33299999999999996,0.669,-0.4,17701
Wandy Peralta,SDP,2024,3.99,5.46,4.85,5.17,3.05,0.136,0.08,1.2,38.1,1.41,0.529,0.7509999999999999,-0.5,14295
Erasmo Ramirez,TBR,2024,4.35,6.46,5.65,6.53,4.35,0.17600000000000002,0.11800000000000001,1.06,20.2,2.18,0.373,0.688,-0.5,10314
Roansy Contreras,- - -,2024,4.35,5.16,4.9,7.38,4.08,0.188,0.10400000000000001,1.38,68.1,1.45,0.444,0.7509999999999999,-0.5,22810
Giovanny Gallegos,STL,2024,6.53,6.36,4.05,9.15,4.35,0.223,0.106,1.65,20.2,2.61,0.47600000000000003,0.742,-0.5,14986
Tommy Henry,ARI,2024,7.04,6.38,5.22,7.04,4.23,0.165,0.099,1.75,38.1,2.11,0.434,0.685,-0.5,26285
Bailey Horn,BOS,2024,6.5,7.0,4.73,6.5,5.0,0.14800000000000002,0.114,1.78,18.0,2.5,0.469,0.72,-0.5,27753
Jordan Weems,WSN,2024,6.7,5.54,5.43,7.56,5.18,0.179,0.122,1.75,41.2,1.51,0.406,0.613,-0.5,13190
George Soriano,MIA,2024,6.75,6.03,4.84,8.9,3.99,0.221,0.099,1.36,29.1,2.15,0.262,0.614,-0.5,21863
Caden Dana,LAA,2024,9.58,10.23,5.84,6.97,6.1,0.154,0.135,2.03,10.1,4.35,0.556,0.667,-0.5,31508
Guillo Zuniga,LAA,2024,5.09,7.02,5.22,6.11,4.08,0.158,0.105,1.36,17.2,2.55,0.364,0.833,-0.5,19588
Chase Anderson,- - -,2024,5.4,5.69,5.53,6.48,3.24,0.165,0.08199999999999999,1.3,58.1,1.85,0.316,0.617,-0.5,6895
Nick Nastrini,CHW,2024,7.07,7.37,7.36,6.56,9.08,0.149,0.207,1.91,35.2,1.77,0.315,0.608,-0.5,29833
Brandon Hughes,ARI,2024,8.15,8.71,5.14,10.7,5.09,0.23600000000000002,0.11199999999999999,1.92,17.2,4.08,0.28600000000000003,0.8059999999999999,-0.5,23460
Tyler Alexander,TBR,2024,5.1,5.08,4.63,7.52,2.01,0.198,0.053,1.24,107.2,1.92,0.312,0.73,-0.6,17735
Ty Blach,COL,2024,6.94,6.26,5.12,4.54,2.27,0.109,0.055,1.7,71.1,2.14,0.409,0.698,-0.6,14361
Erik Swanson,TOR,2024,5.03,6.06,4.01,8.47,3.2,0.22,0.083,1.27,39.1,2.52,0.42200000000000004,0.815,-0.6,16587
Zach Pop,TOR,2024,5.59,5.53,4.42,6.14,3.54,0.158,0.091,1.32,48.1,1.68,0.546,0.562,-0.6,20185
Bryce Jarvis,ARI,2024,3.19,5.12,5.51,5.76,5.01,0.147,0.128,1.43,59.1,0.91,0.434,0.797,-0.6,27477
Nick Sandlin,CLE,2024,3.75,5.23,4.26,10.61,4.21,0.276,0.11,1.27,57.2,1.87,0.376,0.804,-0.7,20517
Logan Allen,CLE,2024,5.73,5.87,4.75,7.3,3.79,0.183,0.095,1.58,97.1,2.03,0.434,0.747,-0.7,27589
Chris Devenski,TBR,2024,6.75,7.33,5.72,8.1,4.73,0.19699999999999998,0.115,1.58,26.2,3.04,0.25,0.578,-0.7,12763
Dany Jimenez,OAK,2024,4.91,6.6,5.97,8.77,6.66,0.214,0.162,1.56,25.2,2.1,0.324,0.706,-0.7,21170
Scott McGough,ARI,2024,7.44,6.04,5.6,6.89,5.79,0.16699999999999998,0.14,1.68,32.2,1.65,0.408,0.546,-0.7,12056
Yerry Rodriguez,- - -,2024,8.72,7.87,5.98,7.06,5.4,0.162,0.124,1.8,21.2,2.91,0.34700000000000003,0.609,-0.7,21955
Michael Mercado,PHI,2024,11.08,12.94,7.19,6.92,6.23,0.156,0.141,1.92,13.0,6.23,0.295,0.746,-0.7,23223
Matt Moore,LAA,2024,5.03,6.17,5.46,7.63,4.84,0.195,0.124,1.34,48.1,2.05,0.294,0.698,-0.8,1890
Justin Lawrence,COL,2024,6.49,5.63,4.94,6.79,4.98,0.161,0.11800000000000001,1.78,59.2,1.36,0.531,0.608,-0.8,17639
Jake Diekman,NYM,2024,5.63,6.14,4.43,11.25,6.75,0.276,0.166,1.47,32.0,1.97,0.447,0.655,-0.8,5003
Adbert Alzolay,CHC,2024,4.67,7.38,4.88,6.75,3.12,0.17300000000000001,0.08,1.44,17.1,3.12,0.418,0.7390000000000001,-0.8,17859
Steven Wilson,CHW,2024,5.71,6.71,6.11,8.83,6.75,0.209,0.16,1.59,34.2,2.08,0.237,0.62,-0.8,20353
Bobby Miller,LAD,2024,8.52,6.97,4.7,8.36,4.82,0.20199999999999999,0.11599999999999999,1.77,56.0,2.73,0.44299999999999995,0.622,-0.9,27483
Rafael Montero,HOU,2024,4.7,6.4,5.38,5.4,4.46,0.14,0.11599999999999999,1.41,38.1,1.88,0.42,0.7859999999999999,-0.9,12760
Grant Anderson,TEX,2024,8.1,7.59,4.33,9.79,3.38,0.242,0.083,1.61,26.2,3.71,0.4,0.6990000000000001,-0.9,20546
Triston McKenzie,CLE,2024,5.11,6.46,5.41,8.8,5.83,0.218,0.14400000000000002,1.56,75.2,2.26,0.35,0.79,-1.0,18000
Enyel De Los Santos,- - -,2024,5.2,5.96,4.57,9.28,3.52,0.237,0.09,1.41,64.0,2.39,0.344,0.8009999999999999,-1.0,18403
Taijuan Walker,PHI,2024,7.1,6.94,5.29,6.24,3.98,0.152,0.09699999999999999,1.72,83.2,2.58,0.37799999999999995,0.6970000000000001,-1.2,11836
Roddery Munoz,MIA,2024,6.53,7.27,5.36,7.62,4.57,0.185,0.111,1.58,82.2,2.83,0.34,0.703,-1.6,25311
